===================================
 -> Pythia8 log file for run 0 <-
===================================

 *------------------------------------------------------------------------------------* 
 |                                                                                    | 
 |  *------------------------------------------------------------------------------*  | 
 |  |                                                                              |  | 
 |  |                                                                              |  | 
 |  |   PPP   Y   Y  TTTTT  H   H  III    A      Welcome to the Lund Monte Carlo!  |  | 
 |  |   P  P   Y Y     T    H   H   I    A A     This is PYTHIA version 8.306      |  | 
 |  |   PPP     Y      T    HHHHH   I   AAAAA    Last date of change: 28 Jun 2021  |  | 
 |  |   P       Y      T    H   H   I   A   A                                      |  | 
 |  |   P       Y      T    H   H  III  A   A    Now is 08 May 2024 at 01:24:44    |  | 
 |  |                                                                              |  | 
 |  |   Program documentation and an archive of historic versions is found on:     |  | 
 |  |                                                                              |  | 
 |  |                               https://pythia.org/                            |  | 
 |  |                                                                              |  | 
 |  |   PYTHIA is authored by a collaboration consisting of:                       |  | 
 |  |                                                                              |  | 
 |  |   Christian Bierlich, Nishita Desai, Leif Gellersen, Ilkka Helenius, Philip  |  | 
 |  |   Ilten, Leif Lönnblad, Stephen Mrenna, Stefan Prestel, Christian Preuss,    |  | 
 |  |   Torbjörn Sjöstrand, Peter Skands, Marius Utheim and Rob Verheyen.          |  | 
 |  |                                                                              |  | 
 |  |   The complete list of authors, including contact information and            |  | 
 |  |   affiliations, can be found on https://pythia.org/.                         |  | 
 |  |   Problems or bugs should be reported on email at authors@pythia.org.        |  | 
 |  |                                                                              |  | 
 |  |   The main program reference is 'An Introduction to PYTHIA 8.2',             |  | 
 |  |   T. Sjöstrand et al, Comput. Phys. Commun. 191 (2015) 159                   |  | 
 |  |   [arXiv:1410.3012 [hep-ph]]                                                 |  | 
 |  |                                                                              |  | 
 |  |   The main physics reference is the 'PYTHIA 6.4 Physics and Manual',         |  | 
 |  |   T. Sjöstrand, S. Mrenna and P. Skands, JHEP05 (2006) 026 [hep-ph/0603175]  |  | 
 |  |                                                                              |  | 
 |  |   PYTHIA is released under the GNU General Public Licence version 2 or later.|  | 
 |  |   Please respect the MCnet Guidelines for Event Generator Authors and Users. |  | 
 |  |                                                                              |  | 
 |  |   Disclaimer: this program comes without any guarantees.                     |  | 
 |  |   Beware of errors and use common sense when interpreting results.           |  | 
 |  |                                                                              |  | 
 |  |   Copyright (C) 2021 Torbjörn Sjöstrand                                      |  | 
 |  |                                                                              |  | 
 |  |                                                                              |  | 
 |  *------------------------------------------------------------------------------*  | 
 |                                                                                    | 
 *------------------------------------------------------------------------------------* 

 *-----------------------  SusyLesHouches SUSY/BSM Interface  ------------------------*
 | Last Change 12 Apr 2017 - P. Skands
 | Parsing: events.lhe.gz
 | (SLHA::readFile) line 373 - storing non-SLHA(2) block: frblock
 | (SLHA::readFile) line 379 - storing non-SLHA(2) block: hidden
 | (SLHA::readFile) line 411 - storing non-SLHA(2) block: yukawa
 | (SLHA::readFile) line 442 - storing QNUMBERS for id = 35  h2 
 *------------------------------------------------------------------------------------*
 PYTHIA Info from SLHAinterface::initSLHA: No MODSEL found, keeping internal SUSY switched off  
 PYTHIA Warning in SLHAinterface::initSLHA: ignoring QNUMBERS for id = 35 (already exists)
 PYTHIA Info from SLHAinterface::initSLHA: importing MASS entries for id = {35}
 PYTHIA Warning in SLHAinterface::initSLHA: ignoring MASS entries for id = {1,2,3,4,5,11,12,13,14,15,16,21,22} (m0 < SLHA:minMassSM)
 PYTHIA Warning in SLHAinterface::initSLHA: ignoring DECAY tables for id = {1,2,3,4,5,11,12,13,14,15,16,21,22} (m0 < SLHA:minMassSM)
 PYTHIA Warning in SLHAinterface::initSLHA: ignoring empty DECAY tables for id = {6,25,35} (total width provided but no Branching Ratios)

 *-------  PYTHIA Process Initialization  --------------------------*
 |                                                                  |
 | We collide p+ with p+ at a CM energy of 1.300e+04 GeV            |
 |                                                                  |
 |------------------------------------------------------------------|
 |                                                    |             |
 | Subprocess                                    Code |   Estimated |
 |                                                    |    max (mb) |
 |                                                    |             |
 |------------------------------------------------------------------|
 |                                                    |             |
 | Les Houches User Process(es)                  9999 |   1.000e-09 |
 |                                                                  |
 *-------  End PYTHIA Process Initialization -----------------------*

 *-------  PYTHIA Multiparton Interactions Initialization  ---------* 
 |                                                                  | 
 |                   sigmaNonDiffractive =    56.42 mb              | 
 |                                                                  | 
 |    pT0 =  2.60 gives sigmaInteraction =   317.96 mb: accepted    | 
 |                                                                  | 
 *-------  End PYTHIA Multiparton Interactions Initialization  -----* 

 *-------  PYTHIA Flag + Mode + Parm + Word + FVec + MVec + PVec + WVec Settings (changes only)  ------------------* 
 |                                                                                                                 | 
 | Name                                          |                      Now |      Default         Min         Max | 
 |                                               |                          |                                      | 
 | Beams:frameType                               |                        4 |            1           1           5 | 
 | Beams:LHEF                                    |            events.lhe.gz |         void                         | 
 | Check:epTolErr                                |                0.0100000 |   1.0000e-04                         | 
 | HEPMCoutput:file                              |             events.hepmc |         void                         | 
 | HEPMCoutput:scaling                           |               1.0000e+09 |      1.00000         0.0             | 
 | JetMatching:etaJetMax                         |                 1000.000 |      2.50000     0.10000             | 
 | JetMatching:setMad                            |                      off |           on                         | 
 | LHEFInputs:nSubruns                           |                        1 |            0           0             | 
 | Main:numberOfEvents                           |                        5 |         1000           0             | 
 | Main:subrun                                   |                        0 |         -999           0             | 
 |                                                                                                                 | 
 *-------  End PYTHIA Flag + Mode + Parm + Word + FVec + MVec + PVec + WVec Settings  -----------------------------* 

 --------  PYTHIA Particle Data Table (changed only)  ------------------------------------------------------------------------------
 
      id   name            antiName         spn chg col      m0        mWidth      mMin       mMax       tau0    res dec ext vis wid
             no onMode   bRatio   meMode     products 

       6  t                tbar               2   2   1  171.00000    1.30203  163.45832  178.54168  1.51554e-13   1   1   0   1   0
              0     1   0.0000664    0       24        1 
              1     1   0.0017362    0       24        3 
              2     1   0.9981973    0       24        5 
              3     0   0.0000000    0       37        5 

      25  h0                                  1   0   0  125.00000    0.00408  124.98589  125.01411  4.83238e-11   1   1   0   0   0
              0     1   0.0000009    0        1       -1 
              1     1   0.0000002    0        2       -2 
              2     1   0.0002163    0        3       -3 
              3     1   0.0288493    0        4       -4 
              4     1   0.5768873    0        5       -5 
              5     1   0.0000000    0        6       -6 
              6     1   0.0000000    0       11      -11 
              7     1   0.0002185    0       13      -13 
              8     1   0.0628569    0       15      -15 
              9     1   0.0850383    0       21       21 
             10     1   0.0022965    0       22       22 
             11     1   0.0016155    0       22       23 
             12     1   0.0261758    0       23       23 
             13     1   0.2158445    0       24      -24 
             14     1   0.0000000  103  1000022  1000022 
             15     1   0.0000000  103  1000023  1000022 
             16     1   0.0000000  103  1000023  1000023 
             17     1   0.0000000  103  1000025  1000022 
             18     1   0.0000000  103  1000025  1000023 
             19     1   0.0000000  103  1000025  1000025 
             20     1   0.0000000  103  1000035  1000022 
             21     1   0.0000000  103  1000035  1000023 
             22     1   0.0000000  103  1000035  1000025 
             23     1   0.0000000  103  1000035  1000035 
             24     1   0.0000000  103  1000024 -1000024 
             25     1   0.0000000  103  1000024 -1000037 
             26     1   0.0000000  103  1000037 -1000024 
             27     1   0.0000000  103  1000037 -1000037 
             28     1   0.0000000  103  1000001 -1000001 
             29     1   0.0000000  103  2000001 -2000001 
             30     1   0.0000000  103  1000001 -2000001 
             31     1   0.0000000  103 -1000001  2000001 
             32     1   0.0000000  103  1000002 -1000002 
             33     1   0.0000000  103  2000002 -2000002 
             34     1   0.0000000  103  1000002 -2000002 
             35     1   0.0000000  103 -1000002  2000002 
             36     1   0.0000000  103  1000003 -1000003 
             37     1   0.0000000  103  2000003 -2000003 
             38     1   0.0000000  103  1000003 -2000003 
             39     1   0.0000000  103 -1000003  2000003 
             40     1   0.0000000  103  1000004 -1000004 
             41     1   0.0000000  103  2000004 -2000004 
             42     1   0.0000000  103  1000004 -2000004 
             43     1   0.0000000  103 -1000004  2000004 
             44     1   0.0000000  103  1000005 -1000005 
             45     1   0.0000000  103  2000005 -2000005 
             46     1   0.0000000  103  1000005 -2000005 
             47     1   0.0000000  103 -1000005  2000005 
             48     1   0.0000000  103  1000006 -1000006 
             49     1   0.0000000  103  2000006 -2000006 
             50     1   0.0000000  103  1000006 -2000006 
             51     1   0.0000000  103 -1000006  2000006 
             52     1   0.0000000  103  1000011 -1000011 
             53     1   0.0000000  103  2000011 -2000011 
             54     1   0.0000000  103  1000011 -2000011 
             55     1   0.0000000  103 -1000011  2000011 
             56     1   0.0000000  103  1000012 -1000012 
             57     1   0.0000000  103  2000012 -2000012 
             58     1   0.0000000  103  1000012 -2000012 
             59     1   0.0000000  103 -1000012  2000012 
             60     1   0.0000000  103  1000013 -1000013 
             61     1   0.0000000  103  2000013 -2000013 
             62     1   0.0000000  103  1000013 -2000013 
             63     1   0.0000000  103 -1000013  2000013 
             64     1   0.0000000  103  1000014 -1000014 
             65     1   0.0000000  103  2000014 -2000014 
             66     1   0.0000000  103  1000014 -2000014 
             67     1   0.0000000  103 -1000014  2000014 
             68     1   0.0000000  103  1000015 -1000015 
             69     1   0.0000000  103  2000015 -2000015 
             70     1   0.0000000  103  1000015 -2000015 
             71     1   0.0000000  103 -1000015  2000015 
             72     1   0.0000000  103  1000016 -1000016 
             73     1   0.0000000  103  2000016 -2000016 
             74     1   0.0000000  103  1000016 -2000016 
             75     1   0.0000000  103 -1000016  2000016 

      35  H0                                  1   0   0  300.00000    5.23795  273.81025  326.18975  3.76726e-14   1   1   0   0   0
              0     1   0.0000000    0        1       -1 
              1     1   0.0000000    0        2       -2 
              2     1   0.0000000    0        3       -3 
              3     1   0.0000490    0        4       -4 
              4     1   0.0007740    0        5       -5 
              5     1   0.0000000    0        6       -6 
              6     1   0.0000000    0       11      -11 
              7     1   0.0000000    0       13      -13 
              8     1   0.0000740    0       15      -15 
              9     1   0.0004170    0       21       21 
             10     1   0.0000150    0       22       22 
             11     1   0.0000610    0       22       23 
             12     1   0.3067100    0       23       23 
             13     1   0.6890110    0       24      -24 
             14     1   0.0000000    0       23       25 
             15     1   0.0028890    0       25       25 
             16     1   0.0000000    0       24      -37 
             17     1   0.0000000    0       37      -24 
             18     1   0.0000000    0       23       36 
             19     1   0.0000000    0       25       36 
             20     1   0.0000000    0       36       36 
             21     1   0.0000000  103  1000022  1000022 
             22     1   0.0000000  103  1000023  1000022 
             23     1   0.0000000  103  1000023  1000023 
             24     1   0.0000000  103  1000025  1000022 
             25     1   0.0000000  103  1000025  1000023 
             26     1   0.0000000  103  1000025  1000025 
             27     1   0.0000000  103  1000035  1000022 
             28     1   0.0000000  103  1000035  1000023 
             29     1   0.0000000  103  1000035  1000025 
             30     1   0.0000000  103  1000035  1000035 
             31     1   0.0000000  103  1000024 -1000024 
             32     1   0.0000000  103  1000024 -1000037 
             33     1   0.0000000  103  1000037 -1000024 
             34     1   0.0000000  103  1000037 -1000037 
             35     1   0.0000000  103  1000001 -1000001 
             36     1   0.0000000  103  2000001 -2000001 
             37     1   0.0000000  103  1000001 -2000001 
             38     1   0.0000000  103 -1000001  2000001 
             39     1   0.0000000  103  1000002 -1000002 
             40     1   0.0000000  103  2000002 -2000002 
             41     1   0.0000000  103  1000002 -2000002 
             42     1   0.0000000  103 -1000002  2000002 
             43     1   0.0000000  103  1000003 -1000003 
             44     1   0.0000000  103  2000003 -2000003 
             45     1   0.0000000  103  1000003 -2000003 
             46     1   0.0000000  103 -1000003  2000003 
             47     1   0.0000000  103  1000004 -1000004 
             48     1   0.0000000  103  2000004 -2000004 
             49     1   0.0000000  103  1000004 -2000004 
             50     1   0.0000000  103 -1000004  2000004 
             51     1   0.0000000  103  1000005 -1000005 
             52     1   0.0000000  103  2000005 -2000005 
             53     1   0.0000000  103  1000005 -2000005 
             54     1   0.0000000  103 -1000005  2000005 
             55     1   0.0000000  103  1000006 -1000006 
             56     1   0.0000000  103  2000006 -2000006 
             57     1   0.0000000  103  1000006 -2000006 
             58     1   0.0000000  103 -1000006  2000006 
             59     1   0.0000000  103  1000011 -1000011 
             60     1   0.0000000  103  2000011 -2000011 
             61     1   0.0000000  103  1000011 -2000011 
             62     1   0.0000000  103 -1000011  2000011 
             63     1   0.0000000  103  1000012 -1000012 
             64     1   0.0000000  103  2000012 -2000012 
             65     1   0.0000000  103  1000012 -2000012 
             66     1   0.0000000  103 -1000012  2000012 
             67     1   0.0000000  103  1000013 -1000013 
             68     1   0.0000000  103  2000013 -2000013 
             69     1   0.0000000  103  1000013 -2000013 
             70     1   0.0000000  103 -1000013  2000013 
             71     1   0.0000000  103  1000014 -1000014 
             72     1   0.0000000  103  2000014 -2000014 
             73     1   0.0000000  103  1000014 -2000014 
             74     1   0.0000000  103 -1000014  2000014 
             75     1   0.0000000  103  1000015 -1000015 
             76     1   0.0000000  103  2000015 -2000015 
             77     1   0.0000000  103  1000015 -2000015 
             78     1   0.0000000  103 -1000015  2000015 
             79     1   0.0000000  103  1000016 -1000016 
             80     1   0.0000000  103  2000016 -2000016 
             81     1   0.0000000  103  1000016 -2000016 
             82     1   0.0000000  103 -1000016  2000016 

 --------  End PYTHIA Particle Data Table  -----------------------------------------------------------------------------------------

Considering 5 events. Make sure that there is enough events in the input event files, otherwise  normalization is likely to be wrong.



Start generating events
 PYTHIA Info from Pythia::init: be aware that successive calls to init() do not clear previous settings.  
 *-----------------------  SusyLesHouches SUSY/BSM Interface  ------------------------*
 | Last Change 12 Apr 2017 - P. Skands
 | Parsing: events.lhe.gz
 | (SLHA::readFile) line 373 - storing non-SLHA(2) block: frblock
 | (SLHA::readFile) line 379 - storing non-SLHA(2) block: hidden
 | (SLHA::readFile) line 411 - storing non-SLHA(2) block: yukawa
 | (SLHA::readFile) line 442 - storing QNUMBERS for id = 35  h2 
 *------------------------------------------------------------------------------------*
 PYTHIA Warning in SLHAinterface::initSLHA: ignoring QNUMBERS for id = 35 (already exists)
 PYTHIA Info from SLHAinterface::initSLHA: importing MASS entries for id = {35}
 PYTHIA Warning in SLHAinterface::initSLHA: ignoring MASS entries for id = {1,2,3,4,5,11,12,13,14,15,16,21,22} (m0 < SLHA:minMassSM)
 PYTHIA Warning in SLHAinterface::initSLHA: ignoring DECAY tables for id = {1,2,3,4,5,11,12,13,14,15,16,21,22} (m0 < SLHA:minMassSM)
 PYTHIA Warning in SLHAinterface::initSLHA: ignoring empty DECAY tables for id = {6,25,35} (total width provided but no Branching Ratios)

 *-------  PYTHIA Process Initialization  --------------------------*
 |                                                                  |
 | We collide p+ with p+ at a CM energy of 1.300e+04 GeV            |
 |                                                                  |
 |------------------------------------------------------------------|
 |                                                    |             |
 | Subprocess                                    Code |   Estimated |
 |                                                    |    max (mb) |
 |                                                    |             |
 |------------------------------------------------------------------|
 |                                                    |             |
 | Les Houches User Process(es)                  9999 |   1.000e-09 |
 |                                                                  |
 *-------  End PYTHIA Process Initialization -----------------------*

 *-------  PYTHIA Multiparton Interactions Initialization  ---------* 
 |                                                                  | 
 |                   sigmaNonDiffractive =    56.42 mb              | 
 |                                                                  | 
 |    pT0 =  2.60 gives sigmaInteraction =   313.89 mb: accepted    | 
 |                                                                  | 
 *-------  End PYTHIA Multiparton Interactions Initialization  -----* 

 *-------  PYTHIA Flag + Mode + Parm + Word + FVec + MVec + PVec + WVec Settings (changes only)  ------------------* 
 |                                                                                                                 | 
 | Name                                          |                      Now |      Default         Min         Max | 
 |                                               |                          |                                      | 
 | Beams:frameType                               |                        4 |            1           1           5 | 
 | Beams:LHEF                                    |            events.lhe.gz |         void                         | 
 | Check:epTolErr                                |                0.0100000 |   1.0000e-04                         | 
 | HEPMCoutput:file                              |             events.hepmc |         void                         | 
 | HEPMCoutput:scaling                           |               1.0000e+09 |      1.00000         0.0             | 
 | JetMatching:etaJetMax                         |                 1000.000 |      2.50000     0.10000             | 
 | JetMatching:setMad                            |                      off |           on                         | 
 | LHEFInputs:nSubruns                           |                        1 |            0           0             | 
 | Main:numberOfEvents                           |                        5 |         1000           0             | 
 | Main:subrun                                   |                        0 |         -999           0             | 
 |                                                                                                                 | 
 *-------  End PYTHIA Flag + Mode + Parm + Word + FVec + MVec + PVec + WVec Settings  -----------------------------* 

 --------  PYTHIA Particle Data Table (changed only)  ------------------------------------------------------------------------------
 
      id   name            antiName         spn chg col      m0        mWidth      mMin       mMax       tau0    res dec ext vis wid
             no onMode   bRatio   meMode     products 

       6  t                tbar               2   2   1  171.00000    1.30203  163.45832  178.54168  1.51554e-13   1   1   0   1   0
              0     1   0.0000664    0       24        1 
              1     1   0.0017362    0       24        3 
              2     1   0.9981973    0       24        5 
              3     0   0.0000000    0       37        5 

      25  h0                                  1   0   0  125.00000    0.00408  124.98589  125.01411  4.83238e-11   1   1   0   0   0
              0     1   0.0000009    0        1       -1 
              1     1   0.0000002    0        2       -2 
              2     1   0.0002163    0        3       -3 
              3     1   0.0288493    0        4       -4 
              4     1   0.5768873    0        5       -5 
              5     1   0.0000000    0        6       -6 
              6     1   0.0000000    0       11      -11 
              7     1   0.0002185    0       13      -13 
              8     1   0.0628569    0       15      -15 
              9     1   0.0850383    0       21       21 
             10     1   0.0022965    0       22       22 
             11     1   0.0016155    0       22       23 
             12     1   0.0261758    0       23       23 
             13     1   0.2158445    0       24      -24 
             14     1   0.0000000  103  1000022  1000022 
             15     1   0.0000000  103  1000023  1000022 
             16     1   0.0000000  103  1000023  1000023 
             17     1   0.0000000  103  1000025  1000022 
             18     1   0.0000000  103  1000025  1000023 
             19     1   0.0000000  103  1000025  1000025 
             20     1   0.0000000  103  1000035  1000022 
             21     1   0.0000000  103  1000035  1000023 
             22     1   0.0000000  103  1000035  1000025 
             23     1   0.0000000  103  1000035  1000035 
             24     1   0.0000000  103  1000024 -1000024 
             25     1   0.0000000  103  1000024 -1000037 
             26     1   0.0000000  103  1000037 -1000024 
             27     1   0.0000000  103  1000037 -1000037 
             28     1   0.0000000  103  1000001 -1000001 
             29     1   0.0000000  103  2000001 -2000001 
             30     1   0.0000000  103  1000001 -2000001 
             31     1   0.0000000  103 -1000001  2000001 
             32     1   0.0000000  103  1000002 -1000002 
             33     1   0.0000000  103  2000002 -2000002 
             34     1   0.0000000  103  1000002 -2000002 
             35     1   0.0000000  103 -1000002  2000002 
             36     1   0.0000000  103  1000003 -1000003 
             37     1   0.0000000  103  2000003 -2000003 
             38     1   0.0000000  103  1000003 -2000003 
             39     1   0.0000000  103 -1000003  2000003 
             40     1   0.0000000  103  1000004 -1000004 
             41     1   0.0000000  103  2000004 -2000004 
             42     1   0.0000000  103  1000004 -2000004 
             43     1   0.0000000  103 -1000004  2000004 
             44     1   0.0000000  103  1000005 -1000005 
             45     1   0.0000000  103  2000005 -2000005 
             46     1   0.0000000  103  1000005 -2000005 
             47     1   0.0000000  103 -1000005  2000005 
             48     1   0.0000000  103  1000006 -1000006 
             49     1   0.0000000  103  2000006 -2000006 
             50     1   0.0000000  103  1000006 -2000006 
             51     1   0.0000000  103 -1000006  2000006 
             52     1   0.0000000  103  1000011 -1000011 
             53     1   0.0000000  103  2000011 -2000011 
             54     1   0.0000000  103  1000011 -2000011 
             55     1   0.0000000  103 -1000011  2000011 
             56     1   0.0000000  103  1000012 -1000012 
             57     1   0.0000000  103  2000012 -2000012 
             58     1   0.0000000  103  1000012 -2000012 
             59     1   0.0000000  103 -1000012  2000012 
             60     1   0.0000000  103  1000013 -1000013 
             61     1   0.0000000  103  2000013 -2000013 
             62     1   0.0000000  103  1000013 -2000013 
             63     1   0.0000000  103 -1000013  2000013 
             64     1   0.0000000  103  1000014 -1000014 
             65     1   0.0000000  103  2000014 -2000014 
             66     1   0.0000000  103  1000014 -2000014 
             67     1   0.0000000  103 -1000014  2000014 
             68     1   0.0000000  103  1000015 -1000015 
             69     1   0.0000000  103  2000015 -2000015 
             70     1   0.0000000  103  1000015 -2000015 
             71     1   0.0000000  103 -1000015  2000015 
             72     1   0.0000000  103  1000016 -1000016 
             73     1   0.0000000  103  2000016 -2000016 
             74     1   0.0000000  103  1000016 -2000016 
             75     1   0.0000000  103 -1000016  2000016 

      35  H0                                  1   0   0  300.00000    5.23795  273.81025  326.18975  3.76726e-14   1   1   0   0   0
              0     1   0.0000000    0        1       -1 
              1     1   0.0000000    0        2       -2 
              2     1   0.0000000    0        3       -3 
              3     1   0.0000490    0        4       -4 
              4     1   0.0007740    0        5       -5 
              5     1   0.0000000    0        6       -6 
              6     1   0.0000000    0       11      -11 
              7     1   0.0000000    0       13      -13 
              8     1   0.0000740    0       15      -15 
              9     1   0.0004170    0       21       21 
             10     1   0.0000150    0       22       22 
             11     1   0.0000610    0       22       23 
             12     1   0.3067100    0       23       23 
             13     1   0.6890110    0       24      -24 
             14     1   0.0000000    0       23       25 
             15     1   0.0028890    0       25       25 
             16     1   0.0000000    0       24      -37 
             17     1   0.0000000    0       37      -24 
             18     1   0.0000000    0       23       36 
             19     1   0.0000000    0       25       36 
             20     1   0.0000000    0       36       36 
             21     1   0.0000000  103  1000022  1000022 
             22     1   0.0000000  103  1000023  1000022 
             23     1   0.0000000  103  1000023  1000023 
             24     1   0.0000000  103  1000025  1000022 
             25     1   0.0000000  103  1000025  1000023 
             26     1   0.0000000  103  1000025  1000025 
             27     1   0.0000000  103  1000035  1000022 
             28     1   0.0000000  103  1000035  1000023 
             29     1   0.0000000  103  1000035  1000025 
             30     1   0.0000000  103  1000035  1000035 
             31     1   0.0000000  103  1000024 -1000024 
             32     1   0.0000000  103  1000024 -1000037 
             33     1   0.0000000  103  1000037 -1000024 
             34     1   0.0000000  103  1000037 -1000037 
             35     1   0.0000000  103  1000001 -1000001 
             36     1   0.0000000  103  2000001 -2000001 
             37     1   0.0000000  103  1000001 -2000001 
             38     1   0.0000000  103 -1000001  2000001 
             39     1   0.0000000  103  1000002 -1000002 
             40     1   0.0000000  103  2000002 -2000002 
             41     1   0.0000000  103  1000002 -2000002 
             42     1   0.0000000  103 -1000002  2000002 
             43     1   0.0000000  103  1000003 -1000003 
             44     1   0.0000000  103  2000003 -2000003 
             45     1   0.0000000  103  1000003 -2000003 
             46     1   0.0000000  103 -1000003  2000003 
             47     1   0.0000000  103  1000004 -1000004 
             48     1   0.0000000  103  2000004 -2000004 
             49     1   0.0000000  103  1000004 -2000004 
             50     1   0.0000000  103 -1000004  2000004 
             51     1   0.0000000  103  1000005 -1000005 
             52     1   0.0000000  103  2000005 -2000005 
             53     1   0.0000000  103  1000005 -2000005 
             54     1   0.0000000  103 -1000005  2000005 
             55     1   0.0000000  103  1000006 -1000006 
             56     1   0.0000000  103  2000006 -2000006 
             57     1   0.0000000  103  1000006 -2000006 
             58     1   0.0000000  103 -1000006  2000006 
             59     1   0.0000000  103  1000011 -1000011 
             60     1   0.0000000  103  2000011 -2000011 
             61     1   0.0000000  103  1000011 -2000011 
             62     1   0.0000000  103 -1000011  2000011 
             63     1   0.0000000  103  1000012 -1000012 
             64     1   0.0000000  103  2000012 -2000012 
             65     1   0.0000000  103  1000012 -2000012 
             66     1   0.0000000  103 -1000012  2000012 
             67     1   0.0000000  103  1000013 -1000013 
             68     1   0.0000000  103  2000013 -2000013 
             69     1   0.0000000  103  1000013 -2000013 
             70     1   0.0000000  103 -1000013  2000013 
             71     1   0.0000000  103  1000014 -1000014 
             72     1   0.0000000  103  2000014 -2000014 
             73     1   0.0000000  103  1000014 -2000014 
             74     1   0.0000000  103 -1000014  2000014 
             75     1   0.0000000  103  1000015 -1000015 
             76     1   0.0000000  103  2000015 -2000015 
             77     1   0.0000000  103  1000015 -2000015 
             78     1   0.0000000  103 -1000015  2000015 
             79     1   0.0000000  103  1000016 -1000016 
             80     1   0.0000000  103  2000016 -2000016 
             81     1   0.0000000  103  1000016 -2000016 
             82     1   0.0000000  103 -1000016  2000016 

 --------  End PYTHIA Particle Data Table  -----------------------------------------------------------------------------------------


 --------  LHA event information and listing  ---------------------------------------------------------------------- 

    process =        1    weight =   1.0192e-24     scale =   1.0000e+03 (GeV) 
                        alpha_em =   7.8186e-03    alpha_strong =   9.3085e-02

    Participating Particles 
    no        id stat     mothers     colours      p_x        p_y        p_z         e          m        tau    spin 
     1        21   -1     0     0   504   503      0.000      0.000    552.267    552.267      0.000   0.000  -1.000
     2        21   -1     0     0   503   504     -0.000     -0.000   -452.678    452.678      0.000   0.000  -1.000
     3        25    2     1     2     0     0     -0.000      0.000     99.589   1004.945    999.998   0.000   0.000
     4        35    2     3     3     0     0    -99.931    341.897    -66.691    469.850    299.052   0.000   0.000
     5        35    2     3     3     0     0     99.931   -341.897    166.280    535.095    363.040   0.000   0.000
     6         5    1     4     4   501     0     78.232     -1.204    -14.522     79.716      4.700   0.000  -1.000
     7        -5    1     4     4     0   501   -178.163    343.101    -52.169    390.134      4.700   0.000  -1.000
     8         6    1     5     5   502     0     29.200   -169.837    130.456    277.663    174.300   0.000   1.000
     9        -6    1     5     5     0   502     70.732   -172.060     35.824    257.432    174.300   0.000   1.000

 --------  End LHA event information and listing  ------------------------------------------------------------------ 

 --------  PYTHIA Info Listing  ---------------------------------------- 
 
 Beam A: id =   2212, pz =  6.500e+03, e =  6.500e+03, m =  9.383e-01.
 Beam B: id =   2212, pz = -6.500e+03, e =  6.500e+03, m =  9.383e-01.

 In 1: id =   21, x =  8.496e-02, pdf =  0.000e+00 at Q2 =  1.000e+06.
 In 2: id =   21, x =  6.964e-02, pdf =  0.000e+00 at same Q2.

 Process Les Houches User Process(es) with code 9999 is 2 -> 1.
 Subprocess user process 1 with code 1 is 2 -> 1.
 It has sHat =  1.000e+06.
     alphaEM =  7.819e-03,  alphaS =  9.309e-02    at Q2 =  1.000e+06.

 Impact parameter b =  7.377e-01 gives enhancement factor =  1.403e+00.
 Max pT scale for MPI =  1.300e+04, ISR =  1.300e+04, FSR =  1.300e+04.
 Number of MPI =     8, ISR =    16, FSRproc =    80, FSRreson =    44.

 --------  End PYTHIA Info Listing  ------------------------------------

 --------  PYTHIA Event Listing  (hard process)  -----------------------------------------------------------------------------------
 
    no         id  name            status     mothers   daughters     colours      p_x        p_y        p_z         e          m 
     0         90  (system)           -11     0     0     0     0     0     0      0.000      0.000      0.000  13000.000  13000.000
     1       2212  (p+)               -12     0     0     3     0     0     0      0.000      0.000   6500.000   6500.000      0.938
     2       2212  (p+)               -12     0     0     4     0     0     0      0.000      0.000  -6500.000   6500.000      0.938
     3         21  (g)                -21     1     0     5     0   504   503      0.000      0.000    552.267    552.267      0.000
     4         21  (g)                -21     2     0     5     0   503   504     -0.000     -0.000   -452.678    452.678      0.000
     5         25  (h0)               -22     3     4     6     7     0     0     -0.000      0.000     99.589   1004.945    999.998
     6         35  (H0)               -22     5     0     8     9     0     0    -99.931    341.897    -66.691    469.850    299.052
     7         35  (H0)               -22     5     0    10    11     0     0     99.931   -341.897    166.280    535.095    363.040
     8          5  b                   23     6     0     0     0   501     0     78.232     -1.204    -14.522     79.716      4.700
     9         -5  bbar                23     6     0     0     0     0   501   -178.163    343.101    -52.169    390.134      4.700
    10          6  (t)                -22     7     0    12    13   502     0     29.200   -169.837    130.456    277.663    174.300
    11         -6  (tbar)             -22     7     0    14    15     0   502     70.732   -172.060     35.824    257.432    174.300
    12         24  (W+)               -22    10     0    16    17     0     0     -2.457   -151.462    156.650    232.397     80.762
    13          5  b                   23    10     0     0     0   502     0     31.657    -18.375    -26.194     45.265      4.800
    14        -24  (W-)               -22    11     0    18    19     0     0    105.586   -130.382     -9.315    186.634     81.225
    15         -5  bbar                23    11     0     0     0     0   502    -34.854    -41.678     45.139     70.798      4.800
    16         -1  dbar                23    12     0     0     0     0   505     16.132    -96.946    142.468    173.078      0.330
    17          2  u                   23    12     0     0     0   505     0    -18.589    -54.516     14.182     59.319      0.330
    18          3  s                   23    14     0     0     0   506     0     58.018   -123.523    -18.383    137.703      0.500
    19         -4  cbar                23    14     0     0     0     0   506     47.568     -6.859      9.068     48.931      1.500
                                   Charge sum:  0.000           Momentum sum:      0.000      0.000     99.589   1004.945    999.998

 --------  End PYTHIA Event Listing  -----------------------------------------------------------------------------------------------

 --------  PYTHIA Event Listing  (complete event)  ---------------------------------------------------------------------------------
 
    no         id  name            status     mothers   daughters     colours      p_x        p_y        p_z         e          m 
     0         90  (system)           -11     0     0     0     0     0     0      0.000      0.000      0.000  13000.000  13000.000
     1       2212  (p+)               -12     0     0   399     0     0     0      0.000      0.000   6500.000   6500.000      0.938
     2       2212  (p+)               -12     0     0   400     0     0     0      0.000      0.000  -6500.000   6500.000      0.938
     3         21  (g)                -21     6     6     5     0   504   503      0.000      0.000    552.267    552.267      0.000
     4         21  (g)                -21     7     0     5     0   503   504     -0.000     -0.000   -452.678    452.678      0.000
     5         25  (h0)               -22     3     4     8     8     0     0     -0.000      0.000     99.589   1004.945    999.998
     6         21  (g)                -42    10     0     3     3   504   503     -0.000     -0.000    552.267    552.267      0.000
     7          1  (d)                -41    11    11     9     4   503     0      0.000      0.000  -1859.333   1859.333      0.000
     8         25  (h0)               -44     5     5    12    12     0     0    117.830    154.675     69.759   1021.113    999.998
     9          1  (d)                -43     7     0    13    13   504     0   -117.830   -154.675  -1376.825   1390.487      0.330
    10         21  (g)                -41    21    21    14     6   507   503      0.000      0.000    711.531    711.531      0.000
    11          1  (d)                -42    22     0     7     7   503     0     -0.000     -0.000  -1859.333   1859.333      0.000
    12         25  (h0)               -44     8     8    23    23     0     0    133.591    165.417     66.783   1024.532    999.998
    13          1  (d)                -44     9     9    17    17   504     0   -117.633   -154.541  -1373.038   1386.706      0.330
    14         21  (g)                -43    10     0    15    16   507   504    -15.958    -10.876    158.453    159.626      0.000
    15         21  (g)                -51    14     0    18    19   507   508    -23.142    -12.898    157.794    160.003      0.000
    16         21  (g)                -51    14     0    20    20   508   504      5.045     -0.788    -24.308     24.838      0.000
    17          1  (d)                -52    13    13    24    24   504     0   -115.494   -151.731  -1348.071   1361.491      0.330
    18         21  (g)                -51    15     0    25    25   507   509     -6.376     -6.015    137.949    138.227      0.000
    19         21  (g)                -51    15     0    27    27   509   508    -16.199     -6.972     17.110     24.571      0.000
    20         21  (g)                -52    16    16    26    26   508   504      4.477     -0.700    -21.572     22.043      0.000
    21         21  (g)                -42    31    31    10    10   507   503     -0.000      0.000    711.531    711.531      0.000
    22          1  (d)                -41    37    37    28    11   510     0      0.000     -0.000  -2361.299   2361.299      0.000
    23         25  (h0)               -44    12    12    38    38     0     0    132.613    168.408     67.032   1024.908    999.998
    24          1  (d)                -44    17    17    39    39   504     0   -118.260   -143.269  -1348.593   1361.329      0.330
    25         21  (g)                -44    18    18    40    40   507   509     -6.376     -6.014    137.918    138.196      0.000
    26         21  (g)                -44    20    20    41    41   508   504      4.433     -0.563    -21.582     22.039      0.000
    27         21  (g)                -44    19    19    42    42   509   508    -16.206     -6.948     17.101     24.564      0.000
    28         21  (g)                -43    22     0    29    30   510   503      3.797    -11.614   -501.645    501.794      0.000
    29         21  (g)                -51    28     0    43    43   510   511     -6.365     -5.925   -388.219    388.317      0.000
    30         21  (g)                -51    28     0    44    44   511   503     10.161     -5.689   -113.152    113.750      0.000
    31         21  (g)                -53    36     0    21    21   507   503     -0.000      0.000    711.804    711.804      0.000
    32         21  (g)                -31   100   100    34    35   512   513      0.000      0.000    125.402    125.402      0.000
    33         21  (g)                -31   101     0    34    35   514   512      0.000      0.000    -41.092     41.092      0.000
    34         21  (g)                -33    32    33    50    51   514   515     -3.972      5.245    -40.741     41.269      0.000
    35         21  (g)                -33    32    33    52    52   515   513      3.972     -5.245    125.051    125.224      0.000
    36         21  (g)                -41    66     0    45    31   516   503     -0.000     -0.000    799.600    799.600      0.000
    37          1  (d)                -42    67    67    22    22   510     0     -0.000      0.000  -2361.299   2361.299      0.000
    38         25  (h0)               -44    23    23    68    68     0     0    128.171    167.162     67.804   1024.190    999.998
    39          1  (d)                -44    24    24    58    58   504     0   -118.312   -143.283  -1349.171   1361.907      0.330
    40         21  (g)                -44    25    25    70    70   507   509     -7.499     -6.329    137.890    138.238      0.000
    41         21  (g)                -44    26    26    53    54   508   504      4.431     -0.564    -21.563     22.021      0.000
    42         21  (g)                -44    27    27    55    55   509   508    -16.376     -6.996     17.028     24.639      0.000
    43         21  (g)                -44    29    29    73    73   510   511     -6.365     -5.925   -388.233    388.330      0.000
    44         21  (g)                -44    30    30    74    74   511   503     10.159     -5.690   -113.112    113.710      0.000
    45         21  (g)                -43    36     0    75    75   516   507      5.792      1.624     87.658     87.864      0.000
    46         21  (g)                -31   141     0    48    49   518   519      0.000      0.000     46.542     46.542      0.000
    47          4  (c)                -31   142   142    48    49   517     0      0.000      0.000     -0.986      0.986      0.000
    48         21  (g)                -33    46    47   143   143   517   519      3.956     -4.012     35.156     35.604      0.000
    49          4  (c)                -33    46    47   144   144   518     0     -3.956      4.012     10.401     11.924      1.500
    50         21  (g)                -51    34     0    61    61   514   520     -0.449      6.158    -39.942     40.416      0.000
    51         21  (g)                -51    34     0    59    60   520   515     -3.402     -1.073      3.009      4.667      0.000
    52         21  (g)                -52    35    35   103   103   515   513      3.851     -5.085    121.243    121.410      0.000
    53         21  (g)                -51    41     0    56    57   521   504      6.827      1.606    -17.811     19.142      0.000
    54         21  (g)                -51    41     0    76    76   508   521     -4.050     -2.877     -2.032      5.368      0.000
    55         21  (g)                -52    42    42    72    72   509   508    -14.722     -6.289     15.308     22.150      0.000
    56         21  (g)                -51    53     0    71    71   521   522      3.612      4.711    -18.106     19.054      0.000
    57         21  (g)                -51    53     0    77    77   522   504      0.596     -6.278    -29.579     30.244      0.000
    58          1  (d)                -52    39    39    69    69   504     0   -115.692   -140.110  -1319.297   1331.751      0.330
    59         21  (g)                -51    51     0   104   104   523   515      0.228      0.533      3.312      3.362      0.000
    60         21  (g)                -51    51     0   105   105   520   523     -3.695     -0.714     -6.084      7.154      0.000
    61         21  (g)                -52    50    50   102   102   514   520     -0.384      5.267    -34.161     34.567      0.000
    62         21  (g)                -31   472   472    64    65   524   525      0.000      0.000   1019.577   1019.577      0.000
    63         21  (g)                -31   473   473    64    65   525   526      0.000      0.000     -0.054      0.054      0.000
    64         21  (g)                -33    62    63   255   256   524   527      2.016      3.355    942.696    942.704      0.000
    65         21  (g)                -33    62    63   257   257   527   526     -2.016     -3.355     76.827     76.927      0.000
    66         21  (g)                -41    79    79    78    36   528   503      0.000      0.000   1655.745   1655.745      0.000
    67          1  (d)                -42    80     0    37    37   510     0     -0.000      0.000  -2361.299   2361.299      0.000
    68         25  (h0)               -44    38    38    81    81     0     0    129.887    165.209     67.903   1024.096    999.998
    69          1  (d)                -44    58    58    82    82   504     0   -115.673   -140.133  -1319.361   1331.815      0.330
    70         21  (g)                -44    40    40    83    83   507   509     -7.065     -6.823    137.890    138.239      0.000
    71         21  (g)                -44    56    56    84    84   521   522      3.613      4.710    -18.103     19.052      0.000
    72         21  (g)                -44    55    55    85    85   509   508    -14.663     -6.356     15.320     22.138      0.000
    73         21  (g)                -44    43    43    86    86   510   511     -6.365     -5.925   -388.232    388.329      0.000
    74         21  (g)                -44    44    44    87    87   511   503     10.160     -5.691   -113.138    113.735      0.000
    75         21  (g)                -44    45    45    88    88   516   507      6.067      1.310     87.651     87.871      0.000
    76         21  (g)                -44    54    54    89    89   508   521     -4.045     -2.883     -2.031      5.366      0.000
    77         21  (g)                -44    57    57    90    90   522   504      0.597     -6.279    -29.591     30.256      0.000
    78         21  (g)                -43    66     0    91    91   528   516     -2.514      2.860    856.138    856.147      0.000
    79         21  (g)                -42   308   308    66    66   528   503     -0.000      0.000   1655.745   1655.745      0.000
    80          1  (d)                -41   350   350    92    67   529     0      0.000     -0.000  -2897.762   2897.762      0.000
    81         25  (h0)               -44    68    68   401   401     0     0    129.295    165.637     67.892   1024.089    999.998
    82          1  (d)                -44    69    69   129   130   504     0   -117.315   -138.947  -1319.357   1331.831      0.330
    83         21  (g)                -44    70    70   116   117   507   509     -7.066     -6.823    137.891    138.240      0.000
    84         21  (g)                -44    71    71    99    99   521   522      3.590      4.726    -18.103     19.052      0.000
    85         21  (g)                -44    72    72   118   118   509   508    -14.667     -6.353     15.326     22.144      0.000
    86         21  (g)                -44    73    73   154   154   510   511     -6.846     -5.577   -388.232    388.333      0.000
    87         21  (g)                -44    74    74   152   153   511   503     10.019     -5.589   -113.147    113.727      0.000
    88         21  (g)                -44    75    75   138   139   516   507      6.067      1.310     87.648     87.867      0.000
    89         21  (g)                -44    76    76   128   128   508   521     -4.050     -2.879     -2.030      5.368      0.000
    90         21  (g)                -44    77    77    97    98   522   504      0.560     -6.252    -29.594     30.253      0.000
    91         21  (g)                -44    78    78   212   213   528   516     -2.514      2.860    856.137    856.146      0.000
    92         21  (g)                -43    80     0   248   248   529   510      2.925     -2.112   -536.446    536.458      0.000
    93         21  (g)                -31   107   107    95    96   531   530      0.000      0.000      1.725      1.725      0.000
    94          1  (d)                -31   108     0    95    96   530     0      0.000      0.000    -15.526     15.526      0.000
    95         21  (g)                -33    93    94   109   109   531   532      0.292      3.438     -0.477      3.483      0.000
    96          1  (d)                -33    93    94   110   110   532     0     -0.292     -3.438    -13.324     13.767      0.330
    97         -4  (cbar)             -51    90     0   131   131     0   504     -0.771     -4.986    -25.409     25.948      1.500
    98          4  (c)                -51    90     0   413   413   522     0      2.444      0.198     -9.796     10.209      1.500
    99         21  (g)                -52    84    84   242   242   521   522      2.477      3.262    -12.493     13.147      0.000
   100         21  (g)                -42   398   398    32    32   512   513     -0.000     -0.000    125.402    125.402      0.000
   101         21  (g)                -41   211   211   106    33   533   512      0.000      0.000    -44.194     44.194      0.000
   102         21  (g)                -44    61    61   125   125   514   520      1.906      5.473    -34.315     34.801      0.000
   103         21  (g)                -44    52    52   179   179   515   513      3.857     -5.085    120.673    120.842      0.000
   104         21  (g)                -44    59    59   132   133   523   515      0.230      0.533      3.302      3.353      0.000
   105         21  (g)                -44    60    60   134   134   520   523     -3.254     -0.675     -6.241      7.071      0.000
   106         21  (g)                -43   101     0   123   124   533   514     -2.739     -0.247     -2.211      3.528      0.000
   107         21  (g)                -42   215     0    93    93   531   530      0.000      0.000      1.725      1.725      0.000
   108         21  (g)                -41   216   216   111    94   530   534     -0.000     -0.000    -42.699     42.699      0.000
   109         21  (g)                -44    95    95   185   186   531   532      0.055      3.226     -0.974      3.371      0.000
   110          1  (d)                -44    96    96   187   187   532     0     -1.916     -4.883    -14.396     15.325      0.330
   111         -1  (dbar)             -43   108     0   219   219     0   534      1.861      1.656    -25.605     25.728      0.330
   112         21  (g)                -31   180     0   114   115   536   535      0.000      0.000    589.498    589.498      0.000
   113         21  (g)                -31   181   181   114   115   538   537      0.000      0.000     -0.050      0.050      0.000
   114         21  (g)                -33   112   113   182   182   538   535      2.516     -0.494     35.167     35.260      0.000
   115         21  (g)                -33   112   113   183   183   536   537     -2.516      0.494    554.282    554.288      0.000
   116         21  (g)                -51    83     0   140   140   507   539     -5.081     -7.760    119.566    119.926      0.000
   117         21  (g)                -51    83     0   193   193   539   509     -2.359      0.775     18.715     18.879      0.000
   118         21  (g)                -52    85    85   126   127   509   508    -14.293     -6.191     14.936     21.580      0.000
   119         21  (g)                -31   162   162   121   122   540   541      0.000      0.000    320.742    320.742      0.000
   120         21  (g)                -31   137   137   121   122   542   543      0.000      0.000    -12.857     12.857      0.000
   121         21  (g)                -33   119   120   164   164   540   543     -1.776      1.377    -12.755     12.951      0.000
   122         21  (g)                -33   119   120   135   136   542   541      1.776     -1.377    320.640    320.648      0.000
   123         21  (g)                -51   106     0   209   210   533   544     -1.218     -1.089     -0.592      1.737      0.000
   124         21  (g)                -51   106     0   345   346   544   514     -1.062      2.160     -9.884     10.173      0.000
   125         21  (g)                -52   102   102   202   202   514   520      1.447      4.155    -26.050     26.419      0.000
   126          3  (s)                -51   118     0   191   192   509     0     -8.135     -5.761      8.880     13.360      0.500
   127         -3  (sbar)             -51   118     0   415   415     0   508     -6.657     -0.785      5.805      8.881      0.500
   128         21  (g)                -52    89    89   240   241   508   521     -3.551     -2.525     -1.780      4.707      0.000
   129          1  (d)                -51    82     0   176   176   545     0    -90.002   -109.198  -1034.532   1044.165      0.330
   130         21  (g)                -51    82     0   174   175   504   545    -27.300    -29.913   -285.413    288.272      0.000
   131         -4  (cbar)             -52    97    97   410   410     0   504     -0.784     -4.822    -24.821     25.342      1.500
   132         21  (g)                -51   104     0   177   178   546   515      0.387      1.980      0.631      2.114      0.000
   133         21  (g)                -51   104     0   155   156   523   546     -0.682     -1.556      1.666      2.379      0.000
   134         21  (g)                -52   105   105   157   157   520   523     -2.730     -0.566     -5.235      5.931      0.000
   135         21  (g)                -51   122     0   165   165   547   541      0.076     -2.309    253.489    253.500      0.000
   136         21  (g)                -51   122     0   166   166   542   547      1.700      0.932     67.135     67.163      0.000
   137         21  (g)                -53   163     0   120   120   542   543      0.000      0.000    -12.872     12.872      0.000
   138         21  (g)                -51    88     0   214   214   516   548      6.018      0.718     99.042     99.227      0.000
   139         21  (g)                -51    88     0   314   314   548   507     -0.543     -0.313      2.540      2.616      0.000
   140         21  (g)                -52   116   116   297   298   507   539     -4.489     -6.855    105.632    105.949      0.000
   141         21  (g)                -41   146   146   145    46   518   549     -0.000     -0.000     66.069     66.069      0.000
   142          4  (c)                -42   147     0    47    47   517     0      0.000      0.000     -0.986      0.986      0.000
   143         21  (g)                -44    48    48   148   148   517   519      5.145     -3.887     36.943     37.502      0.000
   144          4  (c)                -44    49    49   149   149   518     0     -3.581      4.051     11.073     12.414      1.500
   145         21  (g)                -43   141     0   150   150   519   549     -1.564     -0.164     17.067     17.139      0.000
   146         21  (g)                -42   286   286   141   141   518   549      0.000     -0.000     66.069     66.069      0.000
   147         21  (g)                -41   287     0   151   142   517   550     -0.000      0.000     -4.525      4.525      0.000
   148         21  (g)                -44   143   143   168   169   517   519      5.002     -3.799     34.883     35.444      0.000
   149          4  (c)                -44   144   144   289   289   518     0     -3.926      4.264     12.638     13.985      1.500
   150         21  (g)                -44   145   145   170   170   519   549     -1.583     -0.153     17.373     17.446      0.000
   151         -4  (cbar)             -43   147     0   291   291     0   550      0.507     -0.312     -3.351      3.719      1.500
   152         21  (g)                -51    87     0   234   235   551   503      7.413     -4.426    -72.399     72.912      0.000
   153         21  (g)                -51    87     0   171   172   511   551      2.387     -1.342    -53.208     53.278      0.000
   154         21  (g)                -52    86    86   173   173   510   511     -6.626     -5.398   -375.773    375.870      0.000
   155         21  (g)                -51   133     0   208   208   552   546     -1.238     -2.589      0.723      2.960      0.000
   156         21  (g)                -51   133     0   339   340   523   552     -0.177      0.882     -0.462      1.011      0.000
   157         21  (g)                -52   134   134   200   201   520   523     -1.997     -0.414     -3.830      4.340      0.000
   158         -1  (dbar)             -31   521   521   160   161     0   553      0.000      0.000    207.878    207.878      0.000
   159         21  (g)                -31   522   522   160   161   553   554      0.000      0.000     -0.023      0.023      0.000
   160         -1  (dbar)             -33   158   159   386   386     0   555     -1.059     -1.080    178.764    178.771      0.330
   161         21  (g)                -33   158   159   384   385   555   554      1.059      1.080     29.091     29.130      0.000
   162         21  (g)                -42   264   264   119   119   540   541     -0.000      0.000    320.742    320.742      0.000
   163         21  (g)                -41   265     0   167   137   542   556      0.000     -0.000    -13.528     13.528      0.000
   164         21  (g)                -44   121   121   194   195   540   543     -0.988      0.224    -12.866     12.906      0.000
   165         21  (g)                -44   135   135   227   227   547   541      0.076     -2.309    252.945    252.955      0.000
   166         21  (g)                -44   136   136   225   226   542   547      1.701      0.931     66.973     67.002      0.000
   167         21  (g)                -43   163     0   196   196   543   556     -0.788      1.154      0.163      1.407      0.000
   168          1  (d)                -51   148     0   288   288   517     0      2.641     -3.639     22.842     23.283      0.330
   169         -1  (dbar)             -51   148     0   292   292     0   519      2.030     -0.192     15.676     15.812      0.330
   170         21  (g)                -52   150   150   290   290   519   549     -1.252     -0.121     13.737     13.795      0.000
   171         21  (g)                -51   153     0   236   236   557   551      0.285     -1.780    -26.337     26.398      0.000
   172         21  (g)                -51   153     0   231   232   511   557      1.485     -0.065    -61.885     61.902      0.000
   173         21  (g)                -52   154   154   233   233   510   511     -6.009     -4.895   -340.759    340.847      0.000
   174         21  (g)                -51   130     0   416   416   504   558     -8.955     -9.052    -88.495     89.407      0.000
   175         21  (g)                -51   130     0   420   420   558   545    -48.514    -57.478   -543.816    548.993      0.000
   176          1  (d)                -52   129   129   402   402   545     0    -59.833    -72.581   -687.633    694.037      0.330
   177         21  (g)                -51   132     0   206   207   546   559     -0.634      2.047      2.035      2.955      0.000
   178         21  (g)                -51   132     0   254   254   559   515      1.091     -0.160      0.791      1.357      0.000
   179         21  (g)                -52   103   103   252   253   515   513      3.787     -4.992    118.477    118.643      0.000
   180          2  (u)                -41   276   276   184   112   536     0      0.000      0.000   1196.278   1196.278      0.000
   181         21  (g)                -42   277     0   113   113   538   537      0.000      0.000     -0.050      0.050      0.000
   182         21  (g)                -44   114   114   190   190   538   535      2.485     -0.552     35.943     36.033      0.000
   183         21  (g)                -44   115   115   279   279   536   537     -3.003     -0.425    566.471    566.480      0.000
   184          2  (u)                -43   180     0   188   189   535     0      0.518      0.977    593.814    593.815      0.330
   185         21  (g)                -51   109     0   217   217   531   560     -1.004      2.119     -1.446      2.755      0.000
   186         21  (g)                -51   109     0   220   220   560   532      0.970      0.881     -0.194      1.325      0.000
   187          1  (d)                -52   110   110   218   218   532     0     -1.827     -4.656    -13.729     14.616      0.330
   188          2  (u)                -51   184     0   237   238   561     0      0.592     -0.339    436.965    436.966      0.330
   189         21  (g)                -51   184     0   197   198   535   561      0.057      1.287    158.751    158.756      0.000
   190         21  (g)                -52   182   182   199   199   538   535      2.354     -0.523     34.041     34.127      0.000
   191          3  (s)                -51   126     0   326   326   562     0     -7.211     -5.696      7.785     12.054      0.500
   192         21  (g)                -51   126     0   324   325   509   562     -1.130      0.002      2.728      2.952      0.000
   193         21  (g)                -52   117   117   299   299   539   509     -2.153      0.708     17.083     17.232      0.000
   194         21  (g)                -51   164     0   258   259   540   563     -0.852      0.986     -3.042      3.309      0.000
   195         21  (g)                -51   164     0   224   224   563   543     -0.261     -0.579     -9.799      9.819      0.000
   196         21  (g)                -52   167   167   222   223   543   556     -0.664      0.972      0.137      1.185      0.000
   197         21  (g)                -51   189     0   239   239   564   561      0.587      1.735    101.449    101.466      0.000
   198         21  (g)                -51   189     0   205   205   535   564     -0.151     -0.532     62.788     62.791      0.000
   199         21  (g)                -52   190   190   203   204   538   535      1.974     -0.439     28.555     28.626      0.000
   200         -2  (ubar)             -51   157     0   444   444     0   523     -0.779     -0.963     -3.462      3.692      0.330
   201          2  (u)                -51   157     0   450   450   520     0     -1.052      1.028     -3.367      3.688      0.330
   202         21  (g)                -52   125   125   347   347   514   520      1.281      3.677    -23.052     23.379      0.000
   203         21  (g)                -51   199     0   278   278   538   565      1.776      0.266     28.084     28.141      0.000
   204         21  (g)                -51   199     0   283   283   565   535      0.126     -0.959     30.504     30.520      0.000
   205         21  (g)                -52   198   198   282   282   535   564     -0.079     -0.278     32.755     32.756      0.000
   206         21  (g)                -51   177     0   261   262   566   559     -1.079      0.591      2.059      2.399      0.000
   207         21  (g)                -51   177     0   263   263   546   566      0.238      1.021      0.097      1.053      0.000
   208         21  (g)                -52   155   155   318   319   552   546     -1.030     -2.154      0.601      2.463      0.000
   209         -3  (sbar)             -51   123     0   445   445     0   544     -0.088     -1.152     -2.028      2.387      0.500
   210          3  (s)                -51   123     0   452   452   533     0     -1.129      0.063     -0.578      1.365      0.500
   211         21  (g)                -53   440   440   101   101   533   512      0.000      0.000    -46.209     46.209      0.000
   212         21  (g)                -51    91     0   306   307   528   567     -0.738      2.215    397.395    397.402      0.000
   213         21  (g)                -51    91     0   294   295   567   516     -1.710      0.653    459.829    459.832      0.000
   214         21  (g)                -52   138   138   296   296   516   548      5.952      0.711     97.956     98.139      0.000
   215         -2  (ubar)             -41   479   479   221   107     0   530     -0.000      0.000     40.741     40.741      0.000
   216         21  (g)                -42   356   356   108   108   530   534      0.000      0.000    -42.699     42.699      0.000
   217         21  (g)                -44   185   185   243   244   531   560     -0.870      2.456     -1.927      3.241      0.000
   218          1  (d)                -44   187   187   482   482   532     0     -1.736     -4.428    -12.336     13.226      0.330
   219         -1  (dbar)             -44   111   111   354   355     0   534      1.873      1.688    -26.141     26.264      0.330
   220         21  (g)                -44   186   186   484   484   560   532      1.086      1.171     -0.558      1.692      0.000
   221         -2  (ubar)             -43   215     0   245   245     0   531     -0.354     -0.886     39.004     39.017      0.330
   222         21  (g)                -51   196     0   269   269   568   556      0.049      0.183      0.523      0.556      0.000
   223         21  (g)                -51   196     0   271   271   543   568     -0.756      0.693     -2.012      2.258      0.000
   224         21  (g)                -52   195   195   260   260   563   543     -0.218     -0.483     -8.172      8.190      0.000
   225         21  (g)                -51   166     0   228   229   542   569      1.044     -0.392     28.615     28.636      0.000
   226         21  (g)                -51   166     0   230   230   569   547      0.670      0.932     81.152     81.160      0.000
   227         21  (g)                -52   165   165   267   267   547   541      0.063     -1.918    210.151    210.160      0.000
   228         21  (g)                -51   225     0   268   268   542   570      0.030     -0.315     42.552     42.553      0.000
   229         21  (g)                -51   225     0   273   273   570   569      1.581      0.713     54.840     54.867      0.000
   230         21  (g)                -52   226   226   272   272   569   547      0.102      0.142     12.375     12.376      0.000
   231         21  (g)                -51   172     0   419   419   571   557     -0.564     -1.055    -56.420     56.433      0.000
   232         21  (g)                -51   172     0   249   250   511   571      1.256      0.344    -50.422     50.439      0.000
   233         21  (g)                -52   173   173   246   247   510   511     -5.216     -4.250   -295.801    295.877      0.000
   234         21  (g)                -51   152     0   317   317   572   503      6.696     -3.574    -67.643     68.067      0.000
   235         21  (g)                -51   152     0   315   316   551   572      0.778     -1.236    -10.429     10.531      0.000
   236         21  (g)                -52   171   171   418   418   557   551      0.223     -1.397    -20.663     20.712      0.000
   237          2  (u)                -51   188     0   280   280   573     0      0.528     -0.337    434.924    434.925      0.330
   238         21  (g)                -51   188     0   284   284   561   573      0.214      0.438     27.774     27.778      0.000
   239         21  (g)                -52   197   197   281   281   564   561      0.438      1.295     75.716     75.728      0.000
   240         21  (g)                -51   128     0   409   409   508   574     -3.040     -1.671     -2.232      4.125      0.000
   241         21  (g)                -51   128     0   338   338   574   521     -0.450     -0.773      0.144      0.906      0.000
   242         21  (g)                -52    99    99   336   337   521   522      2.416      3.181    -12.184     12.823      0.000
   243         21  (g)                -51   217     0   372   373   575   560     -1.335      2.741     -1.427      3.366      0.000
   244         21  (g)                -51   217     0   353   353   531   575      0.459     -0.302      0.214      0.589      0.000
   245         -2  (ubar)             -52   221   221   351   352     0   531     -0.347     -0.870     38.290     38.302      0.330
   246         21  (g)                -51   233     0   251   251   576   511     -4.674     -4.613   -292.446    292.520      0.000
   247         21  (g)                -51   233     0   426   426   510   576     -0.389      0.253    -31.455     31.458      0.000
   248         21  (g)                -52    92    92   348   349   529   510      2.772     -2.002   -508.346    508.357      0.000
   249         21  (g)                -51   232     0   423   423   577   571      0.652      0.242    -11.272     11.293      0.000
   250         21  (g)                -51   232     0   427   427   511   577      0.245     -0.252    -61.568     61.569      0.000
   251         21  (g)                -52   246   246   406   406   576   511     -4.315     -4.259   -270.028    270.096      0.000
   252         21  (g)                -51   179     0   396   397   578   513      3.602     -5.268    111.099    111.282      0.000
   253         21  (g)                -51   179     0   309   310   515   578      0.235      0.268      7.415      7.424      0.000
   254         21  (g)                -52   178   178   311   311   559   515      1.041     -0.152      0.755      1.295      0.000
   255         21  (g)                -51    64     0   387   388   524   579      1.019      3.034    764.733    764.739      0.000
   256         21  (g)                -51    64     0   332   332   579   527      0.969      0.274    179.043    179.046      0.000
   257         21  (g)                -52    65    65   330   331   527   526     -1.988     -3.308     75.747     75.846      0.000
   258         21  (g)                -51   194     0   266   266   540   580     -1.285      0.828     -5.320      5.535      0.000
   259         21  (g)                -51   194     0   274   274   580   563      0.346     -0.036     -0.999      1.058      0.000
   260         21  (g)                -52   224   224   270   270   563   543     -0.130     -0.289     -4.896      4.907      0.000
   261         21  (g)                -51   206     0   443   443   582   559     -0.094      0.566      1.723      1.816      0.000
   262         21  (g)                -51   206     0   454   454   566   582     -0.873      0.505      0.382      1.079      0.000
   263         21  (g)                -52   207   207   320   320   546   566      0.126      0.540      0.051      0.557      0.000
   264         21  (g)                -42   503   503   162   162   540   541     -0.000     -0.000    320.742    320.742      0.000
   265         21  (g)                -41   365   365   275   163   583   556      0.000      0.000   -142.723    142.723      0.000
   266         21  (g)                -44   258   258   505   505   540   580     -1.267      1.100     -5.298      5.557      0.000
   267         21  (g)                -44   227   227   506   506   547   541      0.063     -1.918    210.097    210.106      0.000
   268         21  (g)                -44   228   228   321   322   542   570      0.030     -0.315     42.543     42.544      0.000
   269         21  (g)                -44   222   222   363   364   568   556      0.049      0.184      0.528      0.561      0.000
   270         21  (g)                -44   260   260   329   329   563   543     -0.114     -0.044     -4.901      4.902      0.000
   271         21  (g)                -44   223   223   327   328   543   568     -0.749      0.800     -1.994      2.276      0.000
   272         21  (g)                -44   230   230   511   511   569   547      0.102      0.142     12.378     12.380      0.000
   273         21  (g)                -44   229   229   512   512   570   569      1.581      0.714     54.859     54.886      0.000
   274         21  (g)                -44   259   259   513   513   580   563      0.349      0.016     -0.998      1.058      0.000
   275         21  (g)                -43   265     0   323   323   583   542     -0.046     -0.678   -129.194    129.196      0.000
   276          2  (u)                -42   490   490   180   180   536     0     -0.000      0.000   1196.278   1196.278      0.000
   277         21  (g)                -41   392   392   285   181   584   537      0.000     -0.000  -1090.959   1090.959      0.000
   278         21  (g)                -44   203   203   303   304   538   565      2.053     -0.003     36.648     36.706      0.000
   279         21  (g)                -44   183   183   390   391   536   537     -2.964     -0.463    553.098    553.107      0.000
   280          2  (u)                -44   237   237   494   494   573     0      0.531     -0.340    438.246    438.246      0.330
   281         21  (g)                -44   239   239   495   495   564   561      0.498      1.237     71.901     71.914      0.000
   282         21  (g)                -44   205   205   496   496   535   564     -0.072     -0.284     33.644     33.645      0.000
   283         21  (g)                -44   204   204   497   497   565   535      0.200     -1.031     35.895     35.910      0.000
   284         21  (g)                -44   238   238   498   498   561   573      0.234      0.418     26.796     26.800      0.000
   285         21  (g)                -43   277     0   305   305   584   538     -0.480      0.466  -1090.909   1090.909      0.000
   286         21  (g)                -42   460   460   146   146   518   549     -0.000     -0.000     66.069     66.069      0.000
   287         21  (g)                -41   461   461   293   147   585   550      0.000      0.000    -51.415     51.415      0.000
   288          1  (d)                -44   168   168   335   335   517     0      2.671     -3.627     22.912     23.353      0.330
   289          4  (c)                -44   149   149   463   463   518     0     -3.834      4.301     12.489     13.835      1.500
   290         21  (g)                -44   170   170   357   358   519   549     -1.248     -0.119     13.644     13.701      0.000
   291         -4  (cbar)             -44   151   151   465   465     0   550      0.987     -0.115     -3.307      3.765      1.500
   292         -1  (dbar)             -44   169   169   359   359     0   519      2.039     -0.188     15.803     15.938      0.330
   293         21  (g)                -43   287     0   333   334   585   517     -0.615     -0.253    -46.886     46.891      0.000
   294         21  (g)                -51   213     0   422   422   567   586     -1.326      0.610    207.370    207.375      0.000
   295         21  (g)                -51   213     0   300   301   586   516     -0.328      0.050    253.374    253.374      0.000
   296         21  (g)                -52   214   214   302   302   516   548      5.897      0.704     97.040     97.222      0.000
   297         21  (g)                -51   140     0   403   403   507   587     -0.195     -0.907      7.933      7.987      0.000
   298         21  (g)                -51   140     0   429   429   587   539     -4.470     -5.891     99.094     99.370      0.000
   299         21  (g)                -52   193   193   414   414   539   509     -1.977      0.650     15.687     15.825      0.000
   300         21  (g)                -51   295     0   371   371   586   589     -0.210      0.344    253.937    253.937      0.000
   301         21  (g)                -51   295     0   369   370   589   516      0.256     -0.249      5.594      5.605      0.000
   302         21  (g)                -52   296   296   312   313   516   548      5.522      0.659     90.884     91.054      0.000
   303         21  (g)                -51   278     0   492   492   590   565      1.841      0.348     36.622     36.670      0.000
   304         21  (g)                -51   278     0   393   394   538   590      0.211     -0.351     -1.315      1.378      0.000
   305         21  (g)                -52   285   285   395   395   584   538     -0.479      0.465  -1089.567   1089.567      0.000
   306         21  (g)                -51   212     0   411   411   591   567     -0.766      2.192    393.228    393.235      0.000
   307         21  (g)                -51   212     0   431   431   528   591      0.028      0.023    258.986    258.986      0.000
   308         21  (g)                -53   399   399    79    79   528   503     -0.000      0.000   1910.564   1910.564      0.000
   309         -2  (ubar)             -51   253     0   453   453     0   578     -0.251     -0.188      3.102      3.135      0.330
   310          2  (u)                -51   253     0   455   455   515     0      0.700      0.425      4.469      4.555      0.330
   311         21  (g)                -52   254   254   449   449   559   515      0.827     -0.121      0.600      1.028      0.000
   312          3  (s)                -51   302     0   408   408   516     0      2.075      0.608     36.175     36.243      0.500
   313         -3  (sbar)             -51   302     0   432   432     0   548      3.406      0.028     54.903     55.011      0.500
   314         21  (g)                -52   139   139   417   417   548   507     -0.501     -0.289      2.346      2.417      0.000
   315         21  (g)                -51   235     0   424   424   551   592      0.404     -0.532     -3.126      3.197      0.000
   316         21  (g)                -51   235     0   433   433   592   572      3.378     -2.307    -37.644     37.866      0.000
   317         21  (g)                -52   234   234   407   407   572   503      3.692     -1.971    -37.302     37.536      0.000
   318         21  (g)                -51   208     0   341   341   552   593     -0.968     -1.798      0.954      2.254      0.000
   319         21  (g)                -51   208     0   456   456   593   546     -0.023     -0.185     -0.336      0.385      0.000
   320         21  (g)                -52   263   263   451   451   546   566      0.086      0.370      0.035      0.381      0.000
   321         21  (g)                -51   268     0   362   362   594   570      0.496     -0.533     42.284     42.290      0.000
   322         21  (g)                -51   268     0   342   343   542   594     -0.465      0.216     -0.000      0.513      0.000
   323         21  (g)                -52   275   275   344   344   583   542     -0.045     -0.677   -128.935    128.937      0.000
   324         21  (g)                -51   192     0   421   421   509   596     -0.053     -0.114      1.227      1.233      0.000
   325         21  (g)                -51   192     0   434   434   596   562     -1.950     -0.578      2.435      3.173      0.000
   326          3  (s)                -52   191   191   405   405   562     0     -6.338     -5.002      6.851     10.601      0.500
   327         21  (g)                -51   271     0   510   510   597   568     -0.105     -0.091      0.007      0.139      0.000
   328         21  (g)                -51   271     0   516   516   543   597     -0.702      0.868     -4.521      4.657      0.000
   329         21  (g)                -52   270   270   509   509   563   543     -0.055     -0.021     -2.381      2.382      0.000
   330         21  (g)                -51   257     0   475   475   598   526     -2.123     -2.958     69.769     69.864      0.000
   331         21  (g)                -51   257     0   477   477   527   598      0.221     -0.326     21.790     21.793      0.000
   332         21  (g)                -52   256   256   389   389   579   527      0.883      0.250    163.232    163.234      0.000
   333         21  (g)                -51   293     0   377   377   585   599     -0.916     -0.709    -44.318     44.333      0.000
   334         21  (g)                -51   293     0   375   376   599   517      0.304      0.451     -2.535      2.592      0.000
   335          1  (d)                -52   288   288   380   380   517     0      2.667     -3.621     22.878     23.318      0.330
   336         21  (g)                -51   242     0   404   404   600   522      1.692      1.275     -6.065      6.424      0.000
   337         21  (g)                -51   242     0   435   435   521   600      0.707      1.876     -6.114      6.434      0.000
   338         21  (g)                -52   241   241   425   425   574   521     -0.432     -0.742      0.138      0.870      0.000
   339         21  (g)                -51   156     0   448   448   523   601     -0.235      0.791     -0.602      1.021      0.000
   340         21  (g)                -51   156     0   457   457   601   552     -0.180     -0.351      0.374      0.544      0.000
   341         21  (g)                -52   318   318   447   447   552   593     -0.730     -1.356      0.719      1.700      0.000
   342         21  (g)                -51   322     0   360   361   602   594      0.194      0.215      0.098      0.306      0.000
   343         21  (g)                -51   322     0   517   517   542   602     -0.660     -0.008     -1.943      2.052      0.000
   344         21  (g)                -52   323   323   514   514   583   542     -0.045     -0.667   -127.091    127.092      0.000
   345         21  (g)                -51   124     0   446   446   544   603     -0.875      2.393     -9.675     10.005      0.000
   346         21  (g)                -51   124     0   458   458   603   514      0.142      0.709     -6.115      6.158      0.000
   347         21  (g)                -52   202   202   441   441   514   520      0.953      2.735    -17.146     17.389      0.000
   348         21  (g)                -51   248     0   381   382   604   510      2.511     -1.671   -406.877    406.889      0.000
   349         21  (g)                -51   248     0   383   383   529   604      0.261     -0.331   -278.721    278.721      0.000
   350          1  (d)                -53   400   400    80    80   529     0      0.000     -0.000  -3075.014   3075.014      0.000
   351         -2  (ubar)             -51   245     0   485   485     0   605     -0.508     -0.899     37.756     37.771      0.330
   352         21  (g)                -51   245     0   487   487   605   531      0.211     -0.004      0.558      0.596      0.000
   353         21  (g)                -52   244   244   374   374   531   575      0.408     -0.268      0.190      0.524      0.000
   354         -1  (dbar)             -51   219     0   483   483     0   607      0.981      1.360    -23.842     23.903      0.330
   355         21  (g)                -51   219     0   488   488   607   534      0.892      0.328     -7.227      7.289      0.000
   356         21  (g)                -53   480   480   216   216   530   534     -0.000      0.000    -47.626     47.626      0.000
   357         21  (g)                -51   290     0   464   464   608   549     -0.397     -0.058      1.339      1.398      0.000
   358         21  (g)                -51   290     0   469   469   519   608     -0.617     -0.082     14.057     14.071      0.000
   359         -1  (dbar)             -52   292   292   466   466     0   519      1.805     -0.167     14.051     14.171      0.330
   360         21  (g)                -51   342     0   515   515   602   609      0.594      0.087      0.840      1.032      0.000
   361         21  (g)                -51   342     0   366   367   609   594     -0.346      0.070      3.818      3.834      0.000
   362         21  (g)                -52   321   321   368   368   594   570      0.442     -0.476     37.724     37.730      0.000
   363         21  (g)                -51   269     0   508   508   568   610     -0.480     -0.122     -0.175      0.525      0.000
   364         21  (g)                -51   269     0   519   519   610   556      0.529      0.306      0.117      0.622      0.000
   365         21  (g)                -53   504   504   265   265   583   556     -0.000      0.000   -143.309    143.309      0.000
   366         21  (g)                -51   361     0   518   518   609   611     -0.210      0.322      5.934      5.947      0.000
   367         21  (g)                -51   361     0   520   520   611   594      0.171     -0.582     24.011     24.018      0.000
   368         21  (g)                -52   362   362   507   507   594   570      0.136     -0.146     11.597     11.599      0.000
   369         21  (g)                -51   301     0   430   430   612   516      0.277      0.166      4.947      4.957      0.000
   370         21  (g)                -51   301     0   437   437   589   612     -0.069     -0.335     59.804     59.805      0.000
   371         21  (g)                -52   300   300   428   428   586   589     -0.161      0.264    194.780    194.780      0.000
   372         21  (g)                -51   243     0   481   481   613   560     -0.232      1.490     -0.338      1.546      0.000
   373         21  (g)                -51   243     0   489   489   575   613     -1.034      1.205     -1.058      1.908      0.000
   374         21  (g)                -52   353   353   486   486   531   575      0.340     -0.223      0.159      0.436      0.000
   375         21  (g)                -51   334     0   378   379   614   517      0.537      0.378     -8.032      8.059      0.000
   376         21  (g)                -51   334     0   470   470   599   614     -0.394     -0.053     -2.339      2.373      0.000
   377         21  (g)                -52   333   333   467   467   585   599     -0.754     -0.584    -36.481     36.494      0.000
   378         21  (g)                -51   375     0   468   468   614   615      0.541      0.598     -3.631      3.720      0.000
   379         21  (g)                -51   375     0   471   471   615   517     -0.001     -0.225     -4.367      4.373      0.000
   380          1  (d)                -52   335   335   462   462   517     0      2.663     -3.616     22.845     23.284      0.330
   381         21  (g)                -51   348     0   412   412   616   510      2.464     -1.218   -414.854    414.863      0.000
   382         21  (g)                -51   348     0   438   438   604   616      0.123     -0.549    -73.089     73.091      0.000
   383         21  (g)                -52   349   349   436   436   529   604      0.185     -0.235   -197.655    197.655      0.000
   384         21  (g)                -51   161     0   524   524   617   554      0.371      1.089     24.850     24.877      0.000
   385         21  (g)                -51   161     0   525   525   555   617      0.623     -0.075     15.080     15.093      0.000
   386         -1  (dbar)             -52   160   160   523   523     0   555     -0.994     -1.014    167.926    167.932      0.330
   387         21  (g)                -51   255     0   474   474   524   618      1.383      2.107    562.249    562.255      0.000
   388         21  (g)                -51   255     0   478   478   618   579     -0.044      1.018    261.527    261.529      0.000
   389         21  (g)                -52   332   332   476   476   579   527      0.564      0.159    104.189    104.190      0.000
   390         21  (g)                -51   279     0   493   493   536   619     -2.257     -0.370    329.226    329.234      0.000
   391         21  (g)                -51   279     0   501   501   619   537     -0.708     -0.093    223.872    223.873      0.000
   392         21  (g)                -53   491   491   277   277   584   537      0.000     -0.000  -1090.959   1090.959      0.000
   393         21  (g)                -51   304     0   500   500   620   590     -0.054     -0.721     -5.245      5.295      0.000
   394         21  (g)                -51   304     0   502   502   538   620      0.260      0.376     -8.235      8.248      0.000
   395         21  (g)                -52   305   305   499   499   584   538     -0.474      0.460  -1077.402   1077.403      0.000
   396         21  (g)                -51   252     0   442   442   578   621      3.658     -5.348    118.569    118.746      0.000
   397         21  (g)                -51   252     0   459   459   621   513     -0.056      0.080      0.760      0.767      0.000
   398         21  (g)                -53   439   439   100   100   512   513     -0.000     -0.000    133.632    133.632      0.000
   399         21  (g)                -61     1     0   308   308   528   503     -0.848      0.618   1910.563   1910.563      0.000
   400          1  (d)                -61     2     0   350   350   503     0      2.238     -2.886  -3075.013   3075.016      0.000
   401         25  (h0)               -62    81    81   530   531     0     0    129.401    165.365     67.863   1024.057    999.998
   402          1  (d)                -62   176   176   866   866   545     0    -59.332    -73.228   -687.622    694.051      0.330
   403         21  (g)                -62   297   297   821   821   507   587     -0.198     -0.905      7.933      7.987      0.000
   404         21  (g)                -62   336   336   840   840   600   580      1.696      1.269     -6.065      6.424      0.000
   405          3  (s)                -62   326   326   815   815   562     0     -6.341     -5.000      6.850     10.601      0.500
   406         21  (g)                -62   251   251   996   996   576   511     -4.119     -4.513   -270.028    270.097      0.000
   407         21  (g)                -62   317   317   687     0   572   607      3.720     -2.006    -37.298     37.537      0.000
   408          3  (s)                -62   312   312   699     0   516     0      2.059      0.619     36.175     36.243      0.500
   409         21  (g)                -62   240   240   696     0   508   597     -3.038     -1.674     -2.233      4.125      0.000
   410         -4  (cbar)             -62   131   131   712   712     0   532     -0.766     -4.846    -24.819     25.344      1.500
   411         21  (g)                -62   306   306   889   889   591   567     -0.941      2.319    393.226    393.234      0.000
   412         21  (g)                -62   381   381  1000  1000   616   584      2.766     -1.607   -414.852    414.864      0.000
   413          4  (c)                -62    98    98   693     0   522     0      2.451      0.189     -9.795     10.210      1.500
   414         21  (g)                -62   299   299   818   818   539   509     -1.984      0.655     15.686     15.824      0.000
   415         -3  (sbar)             -62   127   127   847   847     0   568     -6.659     -0.784      5.802      8.881      0.500
   416         21  (g)                -62   174   174   868   868   504   558     -8.890     -9.135    -88.495     89.408      0.000
   417         21  (g)                -62   314   314   704     0   548   598     -0.502     -0.288      2.346      2.417      0.000
   418         21  (g)                -62   236   236   682     0   557   620      0.238     -1.416    -20.662     20.712      0.000
   419         21  (g)                -62   231   231   993   993   571   585     -0.523     -1.107    -56.420     56.433      0.000
   420         21  (g)                -62   175   175   867   867   558   545    -48.118    -57.990   -543.808    549.004      0.000
   421         21  (g)                -62   324   324   705     0   509   608     -0.054     -0.114      1.227      1.233      0.000
   422         21  (g)                -62   294   294   888   888   567   536     -1.418      0.677    207.369    207.375      0.000
   423         21  (g)                -62   249   249   994   994   577   571      0.661      0.231    -11.272     11.293      0.000
   424         21  (g)                -62   315   315   689     0   551   592      0.406     -0.535     -3.126      3.197      0.000
   425         21  (g)                -62   338   338   694     0   574   542     -0.432     -0.743      0.138      0.870      0.000
   426         21  (g)                -62   247   247   998   998   510   583     -0.366      0.223    -31.455     31.458      0.000
   427         21  (g)                -62   250   250   995   995   511   577      0.290     -0.310    -61.568     61.569      0.000
   428         21  (g)                -62   371   371   702     0   586   547     -0.248      0.327    194.779    194.780      0.000
   429         21  (g)                -62   298   298   820   820   587   519     -4.514     -5.859     99.095     99.371      0.000
   430         21  (g)                -62   369   369   699     0   612   516      0.274      0.168      4.947      4.957      0.000
   431         21  (g)                -62   307   307   893   893   528   579     -0.087      0.107    258.986    258.986      0.000
   432         -3  (sbar)             -62   313   313   690     0     0   555      3.381      0.045     54.905     55.012      0.500
   433         21  (g)                -62   316   316   687     0   592   572      3.405     -2.342    -37.641     37.867      0.000
   434         21  (g)                -62   325   325   816   816   596   562     -1.951     -0.577      2.434      3.172      0.000
   435         21  (g)                -62   337   337   842   842   521   614      0.711      1.870     -6.114      6.433      0.000
   436         21  (g)                -62   383   383  1002  1002   503   604      0.329     -0.420   -197.655    197.656      0.000
   437         21  (g)                -62   370   370   697     0   589   535     -0.096     -0.316     59.804     59.805      0.000
   438         21  (g)                -62   382   382  1001  1001   604   616      0.176     -0.618    -73.089     73.091      0.000
   439         21  (g)                -61     1     0   398   398   503   528      0.115      0.354    133.619    133.620      0.000
   440         21  (g)                -61     2     0   211   211   533   503      1.098     -1.622    -46.190     46.232      0.000
   441         21  (g)                -62   347   347   692     0   514   520      1.363      2.129    -17.180     17.365      0.000
   442         21  (g)                -62   396   396   895   895   578   621      3.763     -5.036    118.700    118.867      0.000
   443         21  (g)                -62   261   261   749   749   582   559     -0.091      0.569      1.711      1.805      0.000
   444         -2  (ubar)             -62   200   200   755   755     0   523     -0.694     -1.089     -3.451      3.700      0.330
   445         -3  (sbar)             -62   209   209   731   731     0   544     -0.036     -1.228     -2.007      2.406      0.500
   446         21  (g)                -62   345   345   730   730   544   603     -0.641      2.047     -9.726      9.960      0.000
   447         21  (g)                -62   341   341   691     0   552   593     -0.717     -1.370      0.736      1.713      0.000
   448         21  (g)                -62   339   339   754   754   523   601     -0.216      0.763     -0.619      1.006      0.000
   449         21  (g)                -62   311   311   748   748   559   515      0.832     -0.126      0.611      1.041      0.000
   450          2  (u)                -62   201   201   728   728   520     0     -0.968      0.904     -3.397      3.661      0.330
   451         21  (g)                -62   320   320   751   751   546   566      0.090      0.364      0.029      0.376      0.000
   452          3  (s)                -62   210   210   740   740   533     0     -1.106      0.030     -0.592      1.351      0.500
   453         -2  (ubar)             -62   309   309   896   896     0   578     -0.248     -0.180      3.102      3.135      0.330
   454         21  (g)                -62   262   262   750   750   566   582     -0.865      0.495      0.363      1.060      0.000
   455          2  (u)                -62   310   310   747   747   515     0      0.705      0.436      4.468      4.557      0.330
   456         21  (g)                -62   319   319   752   752   593   546     -0.014     -0.198     -0.333      0.387      0.000
   457         21  (g)                -62   340   340   691     0   601   552     -0.177     -0.353      0.379      0.548      0.000
   458         21  (g)                -62   346   346   692     0   603   514      0.287      0.494     -6.125      6.151      0.000
   459         21  (g)                -62   397   397   894   894   621   528     -0.056      0.082      0.758      0.765      0.000
   460         21  (g)                -61     1     0   286   286   550   550     -2.642     -2.349     66.056     66.150      0.000
   461         21  (g)                -61     2     0   287   287   549   549      0.278     -0.862    -51.394     51.402      0.000
   462          1  (d)                -62   380   380   721   721   517     0      1.741     -4.441     22.867     23.361      0.330
   463          4  (c)                -62   289   289   984   984   518     0     -4.356      3.823     12.440     13.805      1.500
   464         21  (g)                -62   357   357   705     0   608   596     -0.452     -0.107      1.329      1.408      0.000
   465         -4  (cbar)             -62   291   291  1007  1007     0   531      0.997     -0.182     -3.285      3.751      1.500
   466         -1  (dbar)             -62   359   359   823   823     0   548      1.241     -0.669     14.088     14.162      0.330
   467         21  (g)                -62   377   377   992   992   585   615     -0.557     -1.196    -36.489     36.513      0.000
   468         21  (g)                -62   378   378   841   841   614   600      0.560      0.535     -3.612      3.694      0.000
   469         21  (g)                -62   358   358   819   819   519   539     -1.179     -0.583     14.040     14.101      0.000
   470         21  (g)                -62   376   376   869   869   599   504     -0.382     -0.093     -2.348      2.380      0.000
   471         21  (g)                -62   379   379   682     0   615   557      0.023     -0.299     -4.367      4.378      0.000
   472         21  (g)                -61     1     0    62    62   526   526      0.563      0.267   1005.541   1005.541      0.000
   473         21  (g)                -61     2     0    63    63   525   525      1.363      2.822     44.264     44.375      0.000
   474         21  (g)                -62   387   387   891   891   524   618      1.805      2.421    627.935    627.942      0.000
   475         21  (g)                -62   330   330   704     0   598   507     -0.941     -0.481      5.790      5.886      0.000
   476         21  (g)                -62   389   389   892   892   579   524      0.648      0.233    114.434    114.436      0.000
   477         21  (g)                -62   331   331   698     0   527   594      0.275     -0.228     17.282     17.285      0.000
   478         21  (g)                -62   388   388   890   890   618   591      0.140      1.145    284.364    284.366      0.000
   479         -2  (ubar)             -61     1     0   215   215     0   530      1.418     -2.302     40.707     40.796      0.000
   480         21  (g)                -61     2     0   356   356   530   533      0.553      0.820    -47.595     47.605      0.000
   481         21  (g)                -62   372   372   986   986   613   575     -0.200      1.472     -0.280      1.511      0.000
   482          1  (d)                -62   218   218   711   711   532     0     -1.573     -4.231    -12.471     13.267      0.330
   483         -1  (dbar)             -62   354   354   706     0     0   538      1.260      1.768    -23.787     23.888      0.330
   484         21  (g)                -62   220   220   688     0   560   610      1.119      1.158     -0.527      1.695      0.000
   485         -2  (ubar)             -62   351   351   741   741     0   533      0.807     -3.033     37.697     37.829      0.330
   486         21  (g)                -62   374   374  1006  1006   531   602      0.352     -0.238      0.146      0.449      0.000
   487         21  (g)                -62   352   352   684     0   605   609      0.231     -0.036      0.555      0.602      0.000
   488         21  (g)                -62   355   355   988   988   607   560      0.977      0.451     -7.220      7.300      0.000
   489         21  (g)                -62   373   373   985   985   575   518     -1.003      1.206     -1.001      1.861      0.000
   490          2  (u)                -61     1     0   276   276   528     0      0.118      2.250   1196.278   1196.280      0.000
   491         21  (g)                -61     2     0   392   392   573   528     -0.590      0.838  -1090.959   1090.959      0.000
   492         21  (g)                -62   303   303   701     0   590   612      1.845      0.417     36.621     36.670      0.000
   493         21  (g)                -62   390   390   887   887   536   619     -2.224      0.250    329.227    329.235      0.000
   494          2  (u)                -62   280   280  1070  1070   573     0      0.574      0.484    438.246    438.246      0.330
   495         21  (g)                -62   281   281   683     0   564   561      0.505      1.372     71.900     71.915      0.000
   496         21  (g)                -62   282   282   697     0   535   565     -0.069     -0.220     33.644     33.645      0.000
   497         21  (g)                -62   283   283   700     0   565   611      0.204     -0.963     35.895     35.909      0.000
   498         21  (g)                -62   284   284   681     0   561   569      0.237      0.468     26.796     26.801      0.000
   499         21  (g)                -62   395   395   999   999   584   510     -1.056      1.288  -1077.402   1077.404      0.000
   500         21  (g)                -62   393   393   689     0   620   551     -0.057     -0.717     -5.245      5.294      0.000
   501         21  (g)                -62   391   391   702     0   619   586     -0.686      0.328    223.872    223.873      0.000
   502         21  (g)                -62   394   394   706     0   538   599      0.256      0.382     -8.235      8.248      0.000
   503         21  (g)                -61     1     0   264   264   556   556      0.414      1.093    320.732    320.734      0.000
   504         21  (g)                -61     2     0   365   365   541   541     -3.155      0.743   -143.294    143.331      0.000
   505         21  (g)                -62   266   266   695     0   540   543     -1.386      1.129     -5.281      5.576      0.000
   506         21  (g)                -62   267   267   703     0   547   589      0.334     -1.202    210.088    210.092      0.000
   507         21  (g)                -62   368   368   698     0   594   570      0.151     -0.107     11.595     11.597      0.000
   508         21  (g)                -62   363   363   696     0   568   508     -0.487     -0.120     -0.170      0.530      0.000
   509         21  (g)                -62   329   329   686     0   563   576     -0.108     -0.009     -2.381      2.383      0.000
   510         21  (g)                -62   327   327   694     0   597   574     -0.106     -0.090      0.008      0.140      0.000
   511         21  (g)                -62   272   272   681     0   569   503      0.118      0.184     12.377     12.379      0.000
   512         21  (g)                -62   273   273   882   882   570   590      1.652      0.901     54.839     54.871      0.000
   513         21  (g)                -62   274   274   693     0   580   522      0.327      0.021     -1.002      1.055      0.000
   514         21  (g)                -62   344   344   686     0   583   563     -2.843     -0.008   -127.077    127.109      0.000
   515         21  (g)                -62   360   360   684     0   602   605      0.593      0.091      0.833      1.026      0.000
   516         21  (g)                -62   328   328   695     0   543   521     -0.803      0.892     -4.511      4.668      0.000
   517         21  (g)                -62   343   343   844   844   542   540     -0.704      0.002     -1.935      2.059      0.000
   518         21  (g)                -62   366   366   685     0   609   617     -0.203      0.343      5.937      5.950      0.000
   519         21  (g)                -62   364   364   688     0   610   613      0.524      0.308      0.111      0.618      0.000
   520         21  (g)                -62   367   367   700     0   611   527      0.202     -0.500     24.008     24.014      0.000
   521         -1  (dbar)             -61     1     0   158   158     0   528     -0.123     -0.080    204.921    204.921      0.000
   522         21  (g)                -61     2     0   159   159   528   530     -0.901     -0.185      8.918      8.966      0.000
   523         -1  (dbar)             -62   386   386   708   708     0   530     -1.230     -1.113    189.773    189.781      0.330
   524         21  (g)                -62   384   384   685     0   617   564     -0.158      0.977     18.322     18.348      0.000
   525         21  (g)                -62   385   385   690     0   555   517      0.365     -0.129      5.744      5.758      0.000
   526       2103  (ud_1)             -63     1     0   717   717     0   622      0.575     -0.150   1486.807   1486.808      0.771
   527          2  (u)                -63     1     0   716   716   622     0      0.348      0.358     66.161     66.163      0.330
   528          1  (d)                -63     1     0   707   707   530     0      0.060     -0.060     15.206     15.209      0.330
   529       2203  (uu_1)             -63     2     0  1071  1071     0   573     -0.884      0.332  -2045.327   2045.328      0.771
   530         35  (H0)               -22   401     0   532   533     0     0    -36.431    423.045    -82.260    525.826    299.052
   531         35  (H0)               -22   401     0   597   598     0     0    165.832   -257.680    150.123    498.231    363.040
   532          5  (b)                -23   530     0   536   536   501     0     89.173     12.777    -17.205     91.832      4.700
   533         -5  (bbar)             -23   530     0   534   535     0   501   -125.604    410.268    -65.055    433.994      4.700
   534         -5  (bbar)             -51   533     0   539   539     0   626    -83.251    299.620    -32.644    312.714      4.700
   535         21  (g)                -51   533     0   537   538   626   501    -41.048    110.832    -32.662    122.620      0.000
   536          5  (b)                -52   532   532   542   542   501     0     87.867     12.593    -16.953     90.492      4.700
   537         21  (g)                -51   535     0   540   541   627   501    -56.696    184.937    -44.883    198.572      0.000
   538         21  (g)                -51   535     0   545   545   626   627    -16.300     41.523     -0.017     44.608      0.000
   539         -5  (bbar)             -52   534   534   549   550     0   626    -51.303    183.991    -20.407    192.154      4.700
   540         21  (g)                -51   537     0   543   544   627   628    -54.809    182.678    -46.849    196.393      0.000
   541         21  (g)                -51   537     0   546   547   628   501     -0.956      2.390      1.788      3.134      0.000
   542          5  (b)                -52   536   536   548   548   501     0     86.937     12.462    -16.774     89.536      4.700
   543         21  (g)                -51   540     0   554   554   629   628    -50.246    157.752    -40.171    170.364      0.000
   544         21  (g)                -51   540     0   560   560   627   629     -6.026     28.651     -6.680     30.030      0.000
   545         21  (g)                -52   538   538   551   551   626   627    -14.838     37.799     -0.015     40.607      0.000
   546         21  (g)                -51   541     0   552   553   628   630      0.755      2.031      3.425      4.053      0.000
   547         21  (g)                -51   541     0   561   562   630   501      4.587      1.250     -2.860      5.548      0.000
   548          5  (b)                -52   542   542   764   764   501     0     80.639     11.571    -15.552     83.070      4.700
   549         -5  (bbar)             -51   539     0   584   584     0   631    -52.956    189.344    -20.185    197.699      4.700
   550         21  (g)                -51   539     0   582   583   631   626     -1.365      2.335     -0.225      2.714      0.000
   551         21  (g)                -52   545   545   558   559   626   627    -11.820     30.112     -0.012     32.349      0.000
   552         21  (g)                -51   546     0   563   563   632   630     -2.842      3.278     -1.482      4.584      0.000
   553         21  (g)                -51   546     0   555   556   628   632      1.609      4.993      3.318      6.207      0.000
   554         21  (g)                -52   543   543   557   557   629   628    -48.258    151.512    -38.582    163.625      0.000
   555         -1  (dbar)             -51   553     0   573   574     0   632      0.989      1.267      2.178      2.727      0.330
   556          1  (d)                -51   553     0   569   569   628     0     -0.471      7.152      0.267      7.180      0.330
   557         21  (g)                -52   554   554   567   568   629   628    -47.167    148.086    -37.709    159.925      0.000
   558         21  (g)                -51   551     0   578   578   626   633     -7.593     22.831      0.610     24.068      0.000
   559         21  (g)                -51   551     0   572   572   633   627     -5.008     10.991     -1.487     12.170      0.000
   560         21  (g)                -52   544   544   570   571   627   629     -5.245     24.940     -5.815     26.140      0.000
   561         21  (g)                -51   547     0   564   565   634   501      4.250      2.382     -3.171      5.813      0.000
   562         21  (g)                -51   547     0   566   566   630   634     -0.179     -0.537      0.042      0.567      0.000
   563         21  (g)                -52   552   552   575   575   632   630     -2.326      2.682     -1.213      3.752      0.000
   564         21  (g)                -51   561     0   590   590   635   501     -0.001      0.912      0.011      0.912      0.000
   565         21  (g)                -51   561     0   588   589   634   635      4.124      1.089     -3.152      5.303      0.000
   566         21  (g)                -52   562   562   768   768   630   634     -0.052     -0.156      0.012      0.165      0.000
   567         21  (g)                -51   557     0   581   581   629   639    -23.857     76.987    -20.161     83.082      0.000
   568         21  (g)                -51   557     0   579   580   639   628    -23.318     71.234    -17.543     76.978      0.000
   569          1  (d)                -52   556   556   785   785   628     0     -0.463      7.017      0.261      7.045      0.330
   570         21  (g)                -51   560     0   587   587   640   629     -3.534     19.303     -4.330     20.096      0.000
   571         21  (g)                -51   560     0   680     0   627   640     -2.835      8.104     -1.818      8.776      0.000
   572         21  (g)                -52   559   559   576   577   633   627     -3.884      8.524     -1.154      9.438      0.000
   573         -1  (dbar)             -51   555     0   771   771     0   641      0.111      0.956     -0.158      1.029      0.330
   574         21  (g)                -51   555     0   770   770   641   632      0.494      0.755      2.136      2.319      0.000
   575         21  (g)                -52   563   563   769   769   632   630     -1.941      2.239     -1.012      3.131      0.000
   576         21  (g)                -51   572     0   680     0   642   627     -2.569      6.612     -1.175      7.190      0.000
   577         21  (g)                -51   572     0   792   792   633   642     -4.133     10.386      0.248     11.181      0.000
   578         21  (g)                -52   558   558   591   592   626   633     -4.775     14.357      0.384     15.135      0.000
   579         21  (g)                -51   568     0   786   786   643   628    -32.958    103.569    -26.868    111.958      0.000
   580         21  (g)                -51   568     0   787   787   639   643     -8.985     27.770     -6.415     29.884      0.000
   581         21  (g)                -52   567   567   585   586   629   639     -5.231     16.882     -4.421     18.218      0.000
   582         21  (g)                -51   550     0   593   593   644   626     -0.768      2.790     -0.836      3.012      0.000
   583         21  (g)                -51   550     0   797   797   631   644     -3.357      9.593     -0.462     10.174      0.000
   584         -5  (bbar)             -52   549   549   798   798     0   631    -50.195    179.296    -19.113    187.227      4.700
   585         21  (g)                -51   581     0   788   788   645   639     -3.489     11.092     -3.347     12.100      0.000
   586         21  (g)                -51   581     0   789   789   629   645     -3.005     12.685     -2.621     13.297      0.000
   587         21  (g)                -52   570   570   790   790   640   629     -2.272     12.408     -2.783     12.917      0.000
   588         21  (g)                -51   565     0   767   767   634   646      1.777     -0.038     -1.445      2.291      0.000
   589         21  (g)                -51   565     0   766   766   646   635      2.346      1.289     -1.705      3.173      0.000
   590         21  (g)                -52   564   564   765   765   635   501     -0.001      0.751      0.009      0.751      0.000
   591         21  (g)                -51   578     0   793   793   647   633     -0.276      1.783      0.189      1.814      0.000
   592         21  (g)                -51   578     0   596   596   626   647     -4.704     13.320     -0.029     14.126      0.000
   593         21  (g)                -52   582   582   594   595   644   626     -0.563      2.045     -0.613      2.207      0.000
   594         21  (g)                -51   593     0   796   796   644   648     -2.139      6.099     -0.878      6.522      0.000
   595         21  (g)                -51   593     0   795   795   648   626     -0.288      1.225      0.253      1.283      0.000
   596         21  (g)                -52   592   592   794   794   626   647     -2.840      8.041     -0.018      8.528      0.000
   597          6  (t)                -22   531     0   599   600   502     0     63.200   -126.387    122.120    255.464    174.300
   598         -6  (tbar)             -22   531     0   604   605     0   502    102.632   -131.293     28.003    242.767    174.300
   599         24  (W+)               -22   597     0   603   603     0     0     25.586   -115.625    149.774    207.313     80.762
   600          5  (b)                -23   597     0   601   602   502     0     37.614    -10.762    -27.654     48.150      4.800
   601          5  (b)                -51   600     0   969   969   651     0     34.805     -8.989    -25.062     44.083      4.800
   602         21  (g)                -51   600     0   970   970   502   651      2.813     -1.843     -2.487      4.182      0.000
   603         24  (W+)               -52   599   599   618   619     0     0     25.582   -115.555    149.669    207.198     80.762
   604        -24  (W-)               -22   598     0   608   608     0     0    129.172   -100.241    -15.098    183.191     81.225
   605         -5  (bbar)             -23   598     0   606   607     0   502    -26.540    -31.052     43.100     59.576      4.800
   606         -5  (bbar)             -51   605     0   611   611     0   655    -26.613    -30.458     42.727     59.030      4.800
   607         21  (g)                -51   605     0   609   610   655   502      0.951     -1.100      0.135      1.460      0.000
   608        -24  (W-)               -52   604   604   653   654     0     0    128.294    -99.735    -14.859    182.277     81.225
   609         21  (g)                -51   607     0   612   613   655   657      0.541     -2.494      1.135      2.793      0.000
   610         21  (g)                -51   607     0   614   614   657   502     -0.637      0.224      0.658      0.943      0.000
   611         -5  (bbar)             -52   606   606   975   975     0   655    -25.566    -29.288     41.069     56.755      4.800
   612         21  (g)                -51   609     0   974   974   655   659      0.226     -1.524      1.478      2.135      0.000
   613         21  (g)                -51   609     0   615   616   659   657      0.132     -0.905     -0.154      0.928      0.000
   614         21  (g)                -52   610   610   617   617   657   502     -0.454      0.160      0.469      0.672      0.000
   615         21  (g)                -51   613     0   973   973   659   660     -0.538     -0.167     -0.134      0.579      0.000
   616         21  (g)                -51   613     0   972   972   660   657      0.373     -0.634      0.287      0.790      0.000
   617         21  (g)                -52   614   614   971   971   657   502     -0.157      0.055      0.162      0.232      0.000
   618         -1  (dbar)             -23   603     0   622   622     0   505     37.276    -69.869    137.204    158.418      0.330
   619          2  (u)                -23   603     0   620   621   505     0    -11.694    -45.686     12.465     48.780      0.330
   620          2  (u)                -51   619     0   623   624   661     0    -10.727    -46.174     12.195     48.949      0.330
   621         21  (g)                -51   619     0   625   625   505   661      2.599     -6.195     13.395     14.985      0.000
   622         -1  (dbar)             -52   618   618   637   637     0   505     33.710    -63.185    124.079    143.264      0.330
   623          2  (u)                -51   620     0   632   633   662     0     -5.375    -31.699     11.873     34.275      0.330
   624         21  (g)                -51   620     0   626   627   661   662     -5.138    -14.984      1.423     15.905      0.000
   625         21  (g)                -52   621   621   628   628   505   661      2.385     -5.686     12.294     13.754      0.000
   626         21  (g)                -51   624     0   634   634   663   662     -4.454    -11.517     -0.116     12.349      0.000
   627         21  (g)                -51   624     0   631   631   661   663     -0.462     -3.997      2.686      4.837      0.000
   628         21  (g)                -52   625   625   629   630   505   661      2.163     -5.156     11.148     12.472      0.000
   629         21  (g)                -51   628     0   635   636   505   664      1.427     -4.215      6.158      7.598      0.000
   630         21  (g)                -51   628     0   641   642   664   661      0.649     -1.702      5.501      5.794      0.000
   631         21  (g)                -52   627   627   643   643   661   663     -0.374     -3.237      2.175      3.917      0.000
   632          2  (u)                -51   623     0   638   639   665     0     -6.016    -32.372     11.508     34.881      0.330
   633         21  (g)                -51   623     0   640   640   662   665      0.198     -0.473      0.353      0.622      0.000
   634         21  (g)                -52   626   626   646   646   663   662     -4.012    -10.372     -0.105     11.122      0.000
   635         21  (g)                -51   629     0   652   652   666   664      0.086      0.045      0.133      0.165      0.000
   636         21  (g)                -51   629     0   650   651   505   666      6.964    -14.795     26.718     31.325      0.000
   637         -1  (dbar)             -52   622   622   954   954     0   505     28.088    -52.650    103.386    119.372      0.330
   638          2  (u)                -51   632     0   944   944   667     0     -3.665    -23.136      8.678     24.983      0.330
   639         21  (g)                -51   632     0   649   649   665   667     -2.283     -9.396      2.950     10.110      0.000
   640         21  (g)                -52   633   633   647   648   662   665      0.131     -0.312      0.233      0.411      0.000
   641         21  (g)                -51   630     0   951   951   664   668      0.204     -1.980      5.736      6.071      0.000
   642         21  (g)                -51   630     0   950   950   668   661      0.349     -0.553      0.324      0.730      0.000
   643         21  (g)                -52   631   631   644   645   661   663     -0.278     -2.405      1.616      2.910      0.000
   644         21  (g)                -51   643     0   949   949   661   669     -0.843     -3.731      1.393      4.071      0.000
   645         21  (g)                -51   643     0   948   948   669   663      0.066      0.036      0.210      0.223      0.000
   646         21  (g)                -52   634   634   947   947   663   662     -3.512     -9.082     -0.092      9.738      0.000
   647         21  (g)                -51   640     0   946   946   662   670      0.008     -0.228      0.303      0.379      0.000
   648         21  (g)                -51   640     0   678     0   670   665     -1.537     -6.913      2.074      7.379      0.000
   649         21  (g)                -52   639   639   678     0   665   667     -0.624     -2.567      0.806      2.761      0.000
   650         21  (g)                -51   636     0   953   953   505   671      5.565    -12.357     22.762     26.491      0.000
   651         21  (g)                -51   636     0   679     0   671   666      1.429     -2.422      4.004      4.893      0.000
   652         21  (g)                -52   635   635   679     0   666   664      0.055      0.029      0.085      0.105      0.000
   653          3  (s)                -23   608     0   655   656   506     0     74.359   -101.469    -22.373    127.773      0.500
   654         -4  (cbar)             -23   608     0   657   657     0   506     53.935      1.733      7.513     54.504      1.500
   655          3  (s)                -51   653     0   661   662   672     0     53.500    -72.509    -12.976     91.041      0.500
   656         21  (g)                -51   653     0   660   660   506   672     21.205    -28.948     -9.348     37.081      0.000
   657         -4  (cbar)             -52   654   654   658   659     0   506     53.589      1.722      7.465     54.155      1.500
   658         -4  (cbar)             -51   657     0   675   675     0   673     54.482      1.167      7.190     54.987      1.500
   659         21  (g)                -51   657     0   666   666   673   506     -0.120     -0.500     -0.066      0.519      0.000
   660         21  (g)                -52   656   656   663   663   506   672     20.432    -27.894     -9.007     35.730      0.000
   661          3  (s)                -51   655     0   667   668   674     0     33.316    -46.140     -7.763     57.440      0.500
   662         21  (g)                -51   655     0   669   669   672   674     21.781    -28.549     -5.917     36.393      0.000
   663         21  (g)                -52   660   660   664   665   506   672     18.835    -25.714     -8.303     32.938      0.000
   664         21  (g)                -51   663     0   670   671   675   672     12.743    -18.167     -5.093     22.768      0.000
   665         21  (g)                -51   663     0   672   672   506   675      6.064     -7.663     -3.225     10.291      0.000
   666         21  (g)                -52   659   659   673   674   673   506     -0.092     -0.384     -0.050      0.398      0.000
   667          3  (s)                -51   661     0   923   923   676     0     40.217    -55.564     -9.692     69.274      0.500
   668         21  (g)                -51   661     0   676     0   674   676      7.336     -9.237     -1.939     11.954      0.000
   669         21  (g)                -52   662   662   676     0   672   674      7.544     -9.888     -2.050     12.605      0.000
   670         21  (g)                -51   664     0   925   925   677   672      0.590     -1.198     -0.508      1.429      0.000
   671         21  (g)                -51   664     0   926   926   675   677     15.886    -21.686     -6.570     27.673      0.000
   672         21  (g)                -52   665   665   677     0   506   675      2.331     -2.946     -1.240      3.956      0.000
   673         21  (g)                -51   666     0   677     0   678   506      0.804     -0.841     -0.145      1.172      0.000
   674         21  (g)                -51   666     0   928   928   673   678      1.393      0.507      0.397      1.535      0.000
   675         -4  (cbar)             -52   658   658   929   929     0   673     52.192      1.117      6.888     52.678      1.500
   676         21  (g)                -73   668   669   924   924   672   676     14.880    -19.125     -3.989     24.559      0.236
   677         21  (g)                -73   672   673   927   927   678   675      3.135     -3.787     -1.385      5.128      0.462
   678         21  (g)                -73   648   649   945   945   670   667     -2.161     -9.480      2.880     10.141      0.099
   679         21  (g)                -73   651   652   952   952   671   664      1.484     -2.394      4.090      4.999      0.574
   680         21  (g)                -73   571   576   791   791   642   640     -5.405     14.716     -2.993     15.967      0.443
   681         21  (g)                -73   498   511   683     0   561   503      0.355      0.653     39.173     39.180      0.049
   682         21  (g)                -73   418   471   991   991   615   620      0.261     -1.715    -25.030     25.090      0.060
   683         21  (g)                -73   495   681  1003  1003   564   503      0.860      2.025    111.073    111.095      0.187
   684         21  (g)                -73   487   515  1005  1005   602   609      0.824      0.055      1.387      1.628      0.210
   685         21  (g)                -73   518   524  1004  1004   609   564     -0.361      1.320     24.258     24.298      0.270
   686         21  (g)                -73   509   514   997   997   583   576     -2.951     -0.017   -129.458    129.492      0.403
   687         21  (g)                -73   407   433   989   989   592   607      7.125     -4.348    -74.939     75.404      0.469
   688         21  (g)                -73   484   519   987   987   560   613      1.643      1.466     -0.416      2.312      0.569
   689         21  (g)                -73   424   500   990   990   620   592      0.349     -1.252     -8.370      8.491      0.585
   690         -3  (sbar)             -73   432   525   722   722     0   517      3.747     -0.084     60.650     60.769      0.670
   691         21  (g)                -73   447   457   753   753   601   593     -0.894     -1.723      1.115      2.260      0.309
   692         21  (g)                -73   441   458   729   729   603   520      1.650      2.623    -23.305     23.517      0.550
   693          4  (c)                -73   413   513   839   839   580     0      2.778      0.210    -10.797     11.264      1.592
   694         21  (g)                -73   425   510   845   845   597   542     -0.539     -0.833      0.147      1.010      0.123
   695         21  (g)                -73   505   516   843   843   540   521     -2.190      2.021     -9.793     10.244      0.407
   696         21  (g)                -73   409   508   846   846   568   597     -3.525     -1.794     -2.403      4.655      0.501
   697         21  (g)                -73   437   496   703     0   589   565     -0.165     -0.536     93.449     93.450      0.060
   698         21  (g)                -73   477   507   883   883   527   570      0.425     -0.335     28.877     28.882      0.070
   699          3  (s)                -73   408   430   701     0   612     0      2.334      0.787     41.122     41.200      0.579
   700         21  (g)                -73   497   520   884   884   565   527      0.405     -1.463     59.903     59.922      0.194
   701          3  (s)                -73   699   492   881   881   590     0      4.178      1.204     77.743     77.870      0.885
   702         21  (g)                -73   428   501   886   886   619   547     -0.933      0.654    418.651    418.653      0.377
   703         21  (g)                -73   506   697   885   885   547   565      0.169     -1.738    303.537    303.542      0.483
   704         21  (g)                -73   417   475   822   822   548   507     -1.443     -0.769      8.137      8.303      0.235
   705         21  (g)                -73   421   464   817   817   509   596     -0.505     -0.221      2.556      2.641      0.372
   706         -1  (dbar)             -73   483   502   870   870     0   599      1.515      2.150    -32.023     32.137      0.627
   707          1  (d)                -71   528   528   709   710   530     0      0.060     -0.060     15.206     15.209      0.330
   708         -1  (dbar)             -71   523   523   709   710     0   530     -1.230     -1.113    189.773    189.781      0.330
   709        223  (omega)            -82   707   708  1251  1253     0     0     -0.357     -0.213     91.503     91.508      0.785
   710        111  (pi0)              -82   707   708  1254  1255     0     0     -0.813     -0.959    113.475    113.483      0.135
   711          1  (d)                -71   482   482   713   715   532     0     -1.573     -4.231    -12.471     13.267      0.330
   712         -4  (cbar)             -71   410   410   713   715     0   532     -0.766     -4.846    -24.819     25.344      1.500
   713       -211  pi-                 83   711   712     0     0     0     0     -0.907     -2.233     -6.198      6.652      0.140
   714        111  (pi0)              -84   711   712  1256  1257     0     0     -0.032     -2.017     -9.318      9.535      0.135
   715       -421  (Dbar0)            -84   711   712  1258  1262     0     0     -1.400     -4.828    -21.774     22.424      1.865
   716          2  (u)                -71   527   527   718   720   622     0      0.348      0.358     66.161     66.163      0.330
   717       2103  (ud_1)             -71   526   526   718   720     0   622      0.575     -0.150   1486.807   1486.808      0.771
   718        113  (rho0)             -83   716   717  1092  1093     0     0      0.371      0.133    283.141    283.143      0.819
   719        211  pi+                 83   716   717     0     0     0     0      0.489      0.017    108.958    108.959      0.140
   720       2112  n0                  84   716   717     0     0     0     0      0.064      0.058   1160.869   1160.869      0.940
   721          1  (d)                -71   462   462   723   727   517     0      1.741     -4.441     22.867     23.361      0.330
   722         -3  (sbar)             -71   690   690   723   727     0   517      3.747     -0.084     60.650     60.769      0.670
   723       -213  (rho-)             -83   721   722  1094  1095     0     0      1.344     -2.776     14.401     14.751      0.828
   724        213  (rho+)             -83   721   722  1096  1097     0     0      0.484     -0.543     11.362     11.413      0.795
   725       2112  n0                  83   721   722     0     0     0     0      1.550     -0.749     23.175     23.258      0.940
   726      -2112  nbar0               84   721   722     0     0     0     0      0.438     -0.045     11.376     11.423      0.940
   727        313  (K*0)              -84   721   722  1098  1099     0     0      1.672     -0.410     23.203     23.286      0.944
   728          2  (u)                -71   450   450   732   739   520     0     -0.968      0.904     -3.397      3.661      0.330
   729         21  (g)                -71   692   692   732   739   603   520      1.650      2.623    -23.305     23.517      0.550
   730         21  (g)                -71   446   446   732   739   544   603     -0.641      2.047     -9.726      9.960      0.000
   731         -3  (sbar)             -71   445   445   732   739     0   544     -0.036     -1.228     -2.007      2.406      0.500
   732        321  K+                  83   728   731     0     0     0     0     -0.319      0.444     -4.616      4.674      0.494
   733        221  (eta)              -83   728   731  1263  1265     0     0     -0.105      0.914     -3.421      3.584      0.548
   734       -311  (Kbar0)            -83   728   731  1100  1100     0     0      0.221      0.265     -4.034      4.079      0.498
   735       -211  pi-                 83   728   731     0     0     0     0      0.844      0.569     -7.151      7.224      0.140
   736        221  (eta)              -84   728   731  1266  1268     0     0     -0.327      1.954     -8.850      9.086      0.548
   737        223  (omega)            -84   728   731  1269  1271     0     0     -0.320      1.053     -6.834      6.966      0.786
   738        111  (pi0)              -84   728   731  1272  1273     0     0      0.462     -0.155     -1.393      1.482      0.135
   739        323  (K*+)              -84   728   731  1101  1102     0     0     -0.452     -0.697     -2.136      2.446      0.856
   740          3  (s)                -71   452   452   742   746   533     0     -1.106      0.030     -0.592      1.351      0.500
   741         -2  (ubar)             -71   485   485   742   746     0   533      0.807     -3.033     37.697     37.829      0.330
   742       -311  (Kbar0)            -83   740   741  1103  1103     0     0     -1.248      0.298     -0.329      1.415      0.498
   743       -211  pi-                 83   740   741     0     0     0     0     -0.002     -0.303      0.257      0.422      0.140
   744        223  (omega)            -84   740   741  1274  1275     0     0      0.389     -0.974     13.139     13.205      0.785
   745        211  pi+                 84   740   741     0     0     0     0      0.386     -1.700     21.448     21.519      0.140
   746       -211  pi-                 84   740   741     0     0     0     0      0.176     -0.323      2.589      2.619      0.140
   747          2  (u)                -71   455   455   756   763   515     0      0.705      0.436      4.468      4.557      0.330
   748         21  (g)                -71   449   449   756   763   559   515      0.832     -0.126      0.611      1.041      0.000
   749         21  (g)                -71   443   443   756   763   582   559     -0.091      0.569      1.711      1.805      0.000
   750         21  (g)                -71   454   454   756   763   566   582     -0.865      0.495      0.363      1.060      0.000
   751         21  (g)                -71   451   451   756   763   546   566      0.090      0.364      0.029      0.376      0.000
   752         21  (g)                -71   456   456   756   763   593   546     -0.014     -0.198     -0.333      0.387      0.000
   753         21  (g)                -71   691   691   756   763   601   593     -0.894     -1.723      1.115      2.260      0.309
   754         21  (g)                -71   448   448   756   763   523   601     -0.216      0.763     -0.619      1.006      0.000
   755         -2  (ubar)             -71   444   444   756   763     0   523     -0.694     -1.089     -3.451      3.700      0.330
   756        211  pi+                 83   747   755     0     0     0     0      1.003     -0.436      2.392      2.634      0.140
   757        311  (K0)               -83   747   755  1104  1104     0     0      0.431      1.327      3.776      4.056      0.498
   758       -311  (Kbar0)            -83   747   755  1105  1105     0     0     -0.541      0.908      1.026      1.555      0.498
   759       2114  (Delta0)           -83   747   755  1106  1107     0     0     -0.783     -0.987      0.432      1.834      1.260
   760        113  (rho0)             -83   747   755  1108  1109     0     0     -0.147      0.257     -0.206      0.936      0.863
   761      -2112  nbar0               83   747   755     0     0     0     0     -0.711     -0.520     -1.101      1.694      0.940
   762        113  (rho0)             -84   747   755  1110  1111     0     0      0.129     -0.635      0.006      0.958      0.705
   763       -211  pi-                 84   747   755     0     0     0     0     -0.526     -0.422     -2.430      2.526      0.140
   764          5  (b)                -71   548   548   772   784   501     0     80.639     11.571    -15.552     83.070      4.700
   765         21  (g)                -71   590   590   772   784   635   501     -0.001      0.751      0.009      0.751      0.000
   766         21  (g)                -71   589   589   772   784   646   635      2.346      1.289     -1.705      3.173      0.000
   767         21  (g)                -71   588   588   772   784   634   646      1.777     -0.038     -1.445      2.291      0.000
   768         21  (g)                -71   566   566   772   784   630   634     -0.052     -0.156      0.012      0.165      0.000
   769         21  (g)                -71   575   575   772   784   632   630     -1.941      2.239     -1.012      3.131      0.000
   770         21  (g)                -71   574   574   772   784   641   632      0.494      0.755      2.136      2.319      0.000
   771         -1  (dbar)             -71   573   573   772   784     0   641      0.111      0.956     -0.158      1.029      0.330
   772       -513  (B*bar0)           -83   764   771  1276  1277     0     0     69.747     10.092    -13.464     71.945      5.325
   773       -211  pi-                 83   764   771     0     0     0     0      3.590      0.780     -0.654      3.734      0.140
   774        213  (rho+)             -83   764   771  1112  1113     0     0      3.948      0.434     -0.914      4.135      0.698
   775        331  (eta')             -83   764   771  1278  1280     0     0      2.253      0.438     -0.497      2.536      0.958
   776       2112  n0                  83   764   771     0     0     0     0      2.432      0.497     -1.813      3.214      0.940
   777      -2112  nbar0               83   764   771     0     0     0     0      0.928      0.642     -0.030      1.469      0.940
   778       -211  pi-                 84   764   771     0     0     0     0     -0.084      0.111     -0.645      0.674      0.140
   779        211  pi+                 84   764   771     0     0     0     0      0.624      1.447     -0.419      1.636      0.140
   780       -213  (rho-)             -84   764   771  1114  1115     0     0      0.213      0.327     -0.243      0.871      0.739
   781        213  (rho+)             -84   764   771  1116  1117     0     0     -0.081     -0.180     -0.133      0.798      0.762
   782       -213  (rho-)             -84   764   771  1118  1119     0     0      0.470      0.227      0.544      1.114      0.821
   783        223  (omega)            -84   764   771  1281  1283     0     0     -0.737      2.450     -0.513      2.721      0.774
   784        211  pi+                 84   764   771     0     0     0     0      0.072      0.101      1.066      1.082      0.140
   785          1  (d)                -71   569   569   799   814   628     0     -0.463      7.017      0.261      7.045      0.330
   786         21  (g)                -71   579   579   799   814   643   628    -32.958    103.569    -26.868    111.958      0.000
   787         21  (g)                -71   580   580   799   814   639   643     -8.985     27.770     -6.415     29.884      0.000
   788         21  (g)                -71   585   585   799   814   645   639     -3.489     11.092     -3.347     12.100      0.000
   789         21  (g)                -71   586   586   799   814   629   645     -3.005     12.685     -2.621     13.297      0.000
   790         21  (g)                -71   587   587   799   814   640   629     -2.272     12.408     -2.783     12.917      0.000
   791         21  (g)                -71   680   680   799   814   642   640     -5.405     14.716     -2.993     15.967      0.443
   792         21  (g)                -71   577   577   799   814   633   642     -4.133     10.386      0.248     11.181      0.000
   793         21  (g)                -71   591   591   799   814   647   633     -0.276      1.783      0.189      1.814      0.000
   794         21  (g)                -71   596   596   799   814   626   647     -2.840      8.041     -0.018      8.528      0.000
   795         21  (g)                -71   595   595   799   814   648   626     -0.288      1.225      0.253      1.283      0.000
   796         21  (g)                -71   594   594   799   814   644   648     -2.139      6.099     -0.878      6.522      0.000
   797         21  (g)                -71   583   583   799   814   631   644     -3.357      9.593     -0.462     10.174      0.000
   798         -5  (bbar)             -71   584   584   799   814     0   631    -50.195    179.296    -19.113    187.227      4.700
   799       -211  pi-                 83   785   798     0     0     0     0     -1.081      4.390     -0.281      4.532      0.140
   800       2214  (Delta+)           -83   785   798  1120  1121     0     0     -0.927      4.139     -0.689      4.499      1.331
   801      -2114  (Deltabar0)        -83   785   798  1122  1123     0     0     -2.004      8.167     -1.466      8.632      1.280
   802       -211  pi-                 83   785   798     0     0     0     0     -2.675      8.388     -1.762      8.980      0.140
   803        223  (omega)            -83   785   798  1284  1286     0     0    -12.895     42.551    -10.900     45.785      0.795
   804        223  (omega)            -83   785   798  1287  1289     0     0     -4.278     13.036     -3.396     14.155      0.766
   805        213  (rho+)             -83   785   798  1124  1125     0     0    -11.581     43.019    -11.332     45.978      0.906
   806       -213  (rho-)             -83   785   798  1126  1127     0     0    -12.469     36.135     -8.714     39.210      0.530
   807        111  (pi0)              -83   785   798  1290  1291     0     0     -2.545     12.718     -2.646     13.238      0.135
   808        111  (pi0)              -84   785   798  1292  1293     0     0     -3.270      7.076     -1.320      7.907      0.135
   809        113  (rho0)             -84   785   798  1128  1129     0     0     -2.041      7.028     -0.309      7.377      0.875
   810        113  (rho0)             -84   785   798  1130  1131     0     0     -3.680      9.846     -1.404     10.633      0.779
   811        213  (rho+)             -84   785   798  1132  1133     0     0     -1.977      7.366      0.039      7.684      0.939
   812       -213  (rho-)             -84   785   798  1134  1135     0     0     -5.006     12.680     -0.633     13.665      0.703
   813        221  (eta)              -84   785   798  1294  1295     0     0     -1.192      4.909     -0.519      5.108      0.548
   814        523  (B*+)              -84   785   798  1296  1297     0     0    -52.184    184.230    -19.213    192.514      5.325
   815          3  (s)                -71   405   405   824   838   562     0     -6.341     -5.000      6.850     10.601      0.500
   816         21  (g)                -71   434   434   824   838   596   562     -1.951     -0.577      2.434      3.172      0.000
   817         21  (g)                -71   705   705   824   838   509   596     -0.505     -0.221      2.556      2.641      0.372
   818         21  (g)                -71   414   414   824   838   539   509     -1.984      0.655     15.686     15.824      0.000
   819         21  (g)                -71   469   469   824   838   519   539     -1.179     -0.583     14.040     14.101      0.000
   820         21  (g)                -71   429   429   824   838   587   519     -4.514     -5.859     99.095     99.371      0.000
   821         21  (g)                -71   403   403   824   838   507   587     -0.198     -0.905      7.933      7.987      0.000
   822         21  (g)                -71   704   704   824   838   548   507     -1.443     -0.769      8.137      8.303      0.235
   823         -1  (dbar)             -71   466   466   824   838     0   548      1.241     -0.669     14.088     14.162      0.330
   824        333  (phi)              -83   815   823  1298  1299     0     0     -4.875     -3.369      5.904      8.426      1.014
   825       -321  K-                  83   815   823     0     0     0     0     -0.579     -0.181      0.767      1.095      0.494
   826        221  (eta)              -83   815   823  1300  1302     0     0     -1.411     -1.670      1.756      2.857      0.548
   827        113  (rho0)             -83   815   823  1136  1137     0     0     -1.613     -0.206      3.090      3.588      0.824
   828        111  (pi0)              -83   815   823  1303  1304     0     0     -0.312      0.389      2.152      2.214      0.135
   829        211  pi+                 83   815   823     0     0     0     0     -0.732      0.112      3.527      3.607      0.140
   830        223  (omega)            -83   815   823  1305  1306     0     0     -1.426     -1.474     18.700     18.828      0.783
   831       -211  pi-                 83   815   823     0     0     0     0     -1.448      0.219     15.376     15.447      0.140
   832        111  (pi0)              -84   815   823  1307  1308     0     0     -0.827     -1.565     21.912     21.984      0.135
   833        223  (omega)            -84   815   823  1309  1311     0     0     -2.676     -3.515     55.546     55.727      0.783
   834        113  (rho0)             -84   815   823  1138  1139     0     0     -0.845     -1.428     14.705     14.812      0.628
   835        323  (K*+)              -84   815   823  1140  1141     0     0     -0.415     -0.036     11.883     11.922      0.861
   836       -321  K-                  84   815   823     0     0     0     0      0.042     -0.751      3.603      3.713      0.494
   837        211  pi+                 84   815   823     0     0     0     0     -0.334     -0.182      4.380      4.399      0.140
   838        111  (pi0)              -84   815   823  1312  1313     0     0      0.576     -0.272      7.517      7.545      0.135
   839          4  (c)                -71   693   693   848   865   580     0      2.778      0.210    -10.797     11.264      1.592
   840         21  (g)                -71   404   404   848   865   600   580      1.696      1.269     -6.065      6.424      0.000
   841         21  (g)                -71   468   468   848   865   614   600      0.560      0.535     -3.612      3.694      0.000
   842         21  (g)                -71   435   435   848   865   521   614      0.711      1.870     -6.114      6.433      0.000
   843         21  (g)                -71   695   695   848   865   540   521     -2.190      2.021     -9.793     10.244      0.407
   844         21  (g)                -71   517   517   848   865   542   540     -0.704      0.002     -1.935      2.059      0.000
   845         21  (g)                -71   694   694   848   865   597   542     -0.539     -0.833      0.147      1.010      0.123
   846         21  (g)                -71   696   696   848   865   568   597     -3.525     -1.794     -2.403      4.655      0.501
   847         -3  (sbar)             -71   415   415   848   865     0   568     -6.659     -0.784      5.802      8.881      0.500
   848        423  (D*0)              -83   839   847  1314  1315     0     0      2.871      1.145    -11.702     12.269      2.007
   849        321  K+                  83   839   847     0     0     0     0      1.155      1.065     -6.825      7.021      0.494
   850       -321  K-                  83   839   847     0     0     0     0      0.005      0.177     -1.431      1.525      0.494
   851        211  pi+                 83   839   847     0     0     0     0      0.617      0.165     -1.826      1.940      0.140
   852       -211  pi-                 83   839   847     0     0     0     0      0.331      0.705     -2.431      2.556      0.140
   853        111  (pi0)              -84   839   847  1316  1317     0     0     -1.406      0.917     -4.759      5.048      0.135
   854        211  pi+                 84   839   847     0     0     0     0      0.984      0.532     -2.151      2.428      0.140
   855       -213  (rho-)             -84   839   847  1142  1143     0     0     -1.643      0.931     -4.452      4.911      0.854
   856        211  pi+                 84   839   847     0     0     0     0      0.297     -0.412     -0.356      0.636      0.140
   857        111  (pi0)              -84   839   847  1318  1319     0     0     -0.969     -0.537     -1.837      2.149      0.135
   858        111  (pi0)              -84   839   847  1320  1321     0     0     -0.619      0.007     -0.393      0.745      0.135
   859       -211  pi-                 84   839   847     0     0     0     0     -0.215      0.130     -0.332      0.439      0.140
   860        213  (rho+)             -84   839   847  1144  1145     0     0     -0.663      0.039     -0.676      1.290      0.875
   861       -211  pi-                 84   839   847     0     0     0     0     -0.575     -0.639      0.267      0.911      0.140
   862       2212  p+                  84   839   847     0     0     0     0     -1.801     -1.034     -0.787      2.411      0.938
   863      -2212  pbar-               84   839   847     0     0     0     0     -1.852     -0.215      1.543      2.595      0.938
   864        211  pi+                 84   839   847     0     0     0     0     -0.483      0.340      0.410      0.732      0.140
   865        313  (K*0)              -84   839   847  1146  1147     0     0     -3.907     -0.816      2.967      5.058      0.920
   866          1  (d)                -71   402   402   871   880   545     0    -59.332    -73.228   -687.622    694.051      0.330
   867         21  (g)                -71   420   420   871   880   558   545    -48.118    -57.990   -543.808    549.004      0.000
   868         21  (g)                -71   416   416   871   880   504   558     -8.890     -9.135    -88.495     89.408      0.000
   869         21  (g)                -71   470   470   871   880   599   504     -0.382     -0.093     -2.348      2.380      0.000
   870         -1  (dbar)             -71   706   706   871   880     0   599      1.515      2.150    -32.023     32.137      0.627
   871       2112  n0                  83   866   870     0     0     0     0    -28.606    -34.130   -320.669    323.748      0.940
   872      -3122  (Lambdabar0)       -83   866   870  1322  1323     0     0    -30.443    -37.616   -354.211    357.503      1.116
   873       3122  (Lambda0)          -83   866   870  1324  1325     0     0    -41.005    -49.275   -462.942    467.360      1.116
   874      -2112  nbar0               83   866   870     0     0     0     0     -8.309    -10.545    -99.910    100.813      0.940
   875        111  (pi0)              -83   866   870  1326  1327     0     0     -5.595     -5.565    -54.012     54.586      0.135
   876        221  (eta)              -83   866   870  1328  1330     0     0      0.024     -1.387     -9.529      9.645      0.548
   877        111  (pi0)              -83   866   870  1331  1332     0     0     -0.722      0.351    -12.944     12.969      0.135
   878        313  (K*0)              -83   866   870  1148  1149     0     0     -1.297     -1.627    -14.883     15.055      0.893
   879       -321  K-                  84   866   870     0     0     0     0     -0.079      0.536     -6.452      6.493      0.494
   880        213  (rho+)             -84   866   870  1150  1151     0     0      0.826      0.963    -18.744     18.809      0.914
   881          3  (s)                -71   701   701   897   922   590     0      4.178      1.204     77.743     77.870      0.885
   882         21  (g)                -71   512   512   897   922   570   590      1.652      0.901     54.839     54.871      0.000
   883         21  (g)                -71   698   698   897   922   527   570      0.425     -0.335     28.877     28.882      0.070
   884         21  (g)                -71   700   700   897   922   565   527      0.405     -1.463     59.903     59.922      0.194
   885         21  (g)                -71   703   703   897   922   547   565      0.169     -1.738    303.537    303.542      0.483
   886         21  (g)                -71   702   702   897   922   619   547     -0.933      0.654    418.651    418.653      0.377
   887         21  (g)                -71   493   493   897   922   536   619     -2.224      0.250    329.227    329.235      0.000
   888         21  (g)                -71   422   422   897   922   567   536     -1.418      0.677    207.369    207.375      0.000
   889         21  (g)                -71   411   411   897   922   591   567     -0.941      2.319    393.226    393.234      0.000
   890         21  (g)                -71   478   478   897   922   618   591      0.140      1.145    284.364    284.366      0.000
   891         21  (g)                -71   474   474   897   922   524   618      1.805      2.421    627.935    627.942      0.000
   892         21  (g)                -71   476   476   897   922   579   524      0.648      0.233    114.434    114.436      0.000
   893         21  (g)                -71   431   431   897   922   528   579     -0.087      0.107    258.986    258.986      0.000
   894         21  (g)                -71   459   459   897   922   621   528     -0.056      0.082      0.758      0.765      0.000
   895         21  (g)                -71   442   442   897   922   578   621      3.763     -5.036    118.700    118.867      0.000
   896         -2  (ubar)             -71   453   453   897   922     0   578     -0.248     -0.180      3.102      3.135      0.330
   897       -311  (Kbar0)            -83   881   896  1152  1152     0     0      1.590     -0.047     31.918     31.962      0.498
   898        111  (pi0)              -83   881   896  1333  1334     0     0      2.762      1.403     69.927     69.995      0.135
   899       2112  n0                  83   881   896     0     0     0     0      0.144     -0.206     23.873     23.893      0.940
   900        221  (eta)              -83   881   896  1335  1336     0     0      0.654     -0.534     26.227     26.247      0.548
   901      -2112  nbar0               83   881   896     0     0     0     0      0.325      0.184     35.954     35.968      0.940
   902       -211  pi-                 83   881   896     0     0     0     0      1.137     -0.290    112.566    112.572      0.140
   903        113  (rho0)             -83   881   896  1153  1154     0     0      0.426     -0.721     56.049     56.061      0.785
   904        323  (K*+)              -83   881   896  1155  1156     0     0     -0.574     -0.217    233.790    233.792      0.903
   905       -313  (K*bar0)           -83   881   896  1157  1158     0     0     -0.849     -0.260    124.379    124.385      0.854
   906       2112  n0                  83   881   896     0     0     0     0     -1.711      0.410    335.584    335.590      0.940
   907        113  (rho0)             -83   881   896  1159  1160     0     0     -0.144      1.050    218.381    218.385      0.923
   908      -2212  pbar-               83   881   896     0     0     0     0     -0.875      0.502    393.484    393.486      0.938
   909        111  (pi0)              -83   881   896  1337  1338     0     0     -0.955      0.434    167.280    167.283      0.135
   910        211  pi+                 84   881   896     0     0     0     0      1.157      1.396    309.359    309.364      0.140
   911       2112  n0                  84   881   896     0     0     0     0     -0.349      1.141    298.749    298.753      0.940
   912        213  (rho+)             -84   881   896  1161  1162     0     0      0.091      1.183    366.941    366.944      0.995
   913      -2224  (Deltabar--)       -84   881   896  1163  1164     0     0      0.549      0.494    158.747    158.756      1.469
   914        211  pi+                 84   881   896     0     0     0     0      0.801     -0.135     20.702     20.718      0.140
   915       1114  (Delta-)           -84   881   896  1165  1166     0     0      0.219     -0.488     95.239     95.251      1.361
   916       -311  (Kbar0)            -84   881   896  1167  1167     0     0      0.915     -0.140     29.485     29.504      0.498
   917      -3112  (Sigmabar+)        -84   881   896  1339  1340     0     0     -0.045     -0.466     62.230     62.243      1.197
   918        223  (omega)            -84   881   896  1341  1343     0     0      0.411     -0.421     23.143     23.164      0.790
   919       -211  pi-                 84   881   896     0     0     0     0     -0.012      0.139     11.107     11.109      0.140
   920        211  pi+                 84   881   896     0     0     0     0      0.009     -0.608     16.201     16.213      0.140
   921        223  (omega)            -84   881   896  1344  1346     0     0      1.514     -2.169     50.129     50.205      0.767
   922       -213  (rho-)             -84   881   896  1168  1169     0     0      0.089     -0.394     10.207     10.237      0.669
   923          3  (s)                -71   667   667   930   943   676     0     40.217    -55.564     -9.692     69.274      0.500
   924         21  (g)                -71   676   676   930   943   672   676     14.880    -19.125     -3.989     24.559      0.236
   925         21  (g)                -71   670   670   930   943   677   672      0.590     -1.198     -0.508      1.429      0.000
   926         21  (g)                -71   671   671   930   943   675   677     15.886    -21.686     -6.570     27.673      0.000
   927         21  (g)                -71   677   677   930   943   678   675      3.135     -3.787     -1.385      5.128      0.462
   928         21  (g)                -71   674   674   930   943   673   678      1.393      0.507      0.397      1.535      0.000
   929         -4  (cbar)             -71   675   675   930   943     0   673     52.192      1.117      6.888     52.678      1.500
   930       -311  (Kbar0)            -83   923   929  1170  1170     0     0     37.632    -51.604     -8.989     64.499      0.498
   931       -213  (rho-)             -83   923   929  1171  1172     0     0      9.410    -13.103     -3.284     16.495      1.031
   932        211  pi+                 83   923   929     0     0     0     0      8.265    -10.401     -3.046     13.630      0.140
   933        111  (pi0)              -83   923   929  1347  1348     0     0      0.671     -1.179     -0.258      1.388      0.135
   934       -211  pi-                 83   923   929     0     0     0     0      3.963     -5.307     -0.858      6.680      0.140
   935        211  pi+                 83   923   929     0     0     0     0      3.100     -4.153     -0.666      5.227      0.140
   936       -211  pi-                 83   923   929     0     0     0     0      8.434    -10.921     -3.285     14.184      0.140
   937        213  (rho+)             -84   923   929  1173  1174     0     0      1.040     -1.206     -0.423      1.843      0.825
   938        311  (K0)               -84   923   929  1175  1175     0     0      0.811     -1.480     -0.061      1.760      0.498
   939       -321  K-                  84   923   929     0     0     0     0      1.339     -1.036     -1.024      2.039      0.494
   940        221  (eta)              -84   923   929  1349  1350     0     0      2.705     -0.851      0.320      2.906      0.548
   941        111  (pi0)              -84   923   929  1351  1352     0     0      0.509      0.217      0.305      0.646      0.135
   942        213  (rho+)             -84   923   929  1176  1177     0     0      5.819      0.515      0.139      5.892      0.753
   943       -413  (D*-)              -84   923   929  1353  1354     0     0     44.597      0.774      6.271     45.087      2.010
   944          2  (u)                -71   638   638   955   968   667     0     -3.665    -23.136      8.678     24.983      0.330
   945         21  (g)                -71   678   678   955   968   670   667     -2.161     -9.480      2.880     10.141      0.099
   946         21  (g)                -71   647   647   955   968   662   670      0.008     -0.228      0.303      0.379      0.000
   947         21  (g)                -71   646   646   955   968   663   662     -3.512     -9.082     -0.092      9.738      0.000
   948         21  (g)                -71   645   645   955   968   669   663      0.066      0.036      0.210      0.223      0.000
   949         21  (g)                -71   644   644   955   968   661   669     -0.843     -3.731      1.393      4.071      0.000
   950         21  (g)                -71   642   642   955   968   668   661      0.349     -0.553      0.324      0.730      0.000
   951         21  (g)                -71   641   641   955   968   664   668      0.204     -1.980      5.736      6.071      0.000
   952         21  (g)                -71   679   679   955   968   671   664      1.484     -2.394      4.090      4.999      0.574
   953         21  (g)                -71   650   650   955   968   505   671      5.565    -12.357     22.762     26.491      0.000
   954         -1  (dbar)             -71   637   637   955   968     0   505     28.088    -52.650    103.386    119.372      0.330
   955        111  (pi0)              -83   944   954  1355  1356     0     0     -1.127     -5.627      1.786      6.011      0.135
   956        323  (K*+)              -83   944   954  1178  1179     0     0     -1.306     -9.627      3.559     10.383      0.868
   957       -313  (K*bar0)           -83   944   954  1180  1181     0     0     -2.395    -10.513      3.877     11.487      0.810
   958        331  (eta')             -83   944   954  1357  1359     0     0     -1.045     -6.947      1.496      7.246      0.958
   959        113  (rho0)             -83   944   954  1182  1183     0     0     -1.561     -2.993      0.645      3.536      0.832
   960       -213  (rho-)             -83   944   954  1184  1185     0     0     -0.603     -2.603      0.963      2.939      0.754
   961        111  (pi0)              -83   944   954  1360  1361     0     0     -0.202     -2.554      0.088      2.567      0.135
   962        321  K+                  83   944   954     0     0     0     0     -1.381     -3.124      0.274      3.462      0.494
   963       -313  (K*bar0)           -84   944   954  1186  1187     0     0     -0.003     -0.619      1.101      1.590      0.966
   964       -211  pi-                 84   944   954     0     0     0     0     -0.445     -1.877      1.078      2.214      0.140
   965        213  (rho+)             -84   944   954  1188  1189     0     0      1.708     -3.705      7.917      8.990      1.222
   966        223  (omega)            -84   944   954  1362  1364     0     0      1.153     -2.725      5.211      6.044      0.789
   967       -211  pi-                 84   944   954     0     0     0     0     29.179    -56.311    109.214    126.293      0.140
   968        211  pi+                 84   944   954     0     0     0     0      3.609     -6.329     12.460     14.435      0.140
   969          5  (b)                -71   601   601   976   983   651     0     34.805     -8.989    -25.062     44.083      4.800
   970         21  (g)                -71   602   602   976   983   502   651      2.813     -1.843     -2.487      4.182      0.000
   971         21  (g)                -71   617   617   976   983   657   502     -0.157      0.055      0.162      0.232      0.000
   972         21  (g)                -71   616   616   976   983   660   657      0.373     -0.634      0.287      0.790      0.000
   973         21  (g)                -71   615   615   976   983   659   660     -0.538     -0.167     -0.134      0.579      0.000
   974         21  (g)                -71   612   612   976   983   655   659      0.226     -1.524      1.478      2.135      0.000
   975         -5  (bbar)             -71   611   611   976   983     0   655    -25.566    -29.288     41.069     56.755      4.800
   976       -513  (B*bar0)           -83   969   975  1365  1366     0     0     34.079     -8.863    -24.804     43.400      5.325
   977        223  (omega)            -83   969   975  1367  1369     0     0      1.897     -0.731     -0.683      2.284      0.786
   978       -211  pi-                 83   969   975     0     0     0     0     -0.012     -0.374     -0.620      0.737      0.140
   979        211  pi+                 83   969   975     0     0     0     0      0.992     -1.222     -0.361      1.621      0.140
   980       3214  (Sigma*0)          -83   969   975  1190  1191     0     0      0.421     -0.693     -0.614      1.743      1.415
   981        311  (K0)               -84   969   975  1192  1192     0     0      0.246     -0.202      0.728      0.937      0.498
   982      -2114  (Deltabar0)        -84   969   975  1193  1194     0     0     -1.823     -2.849      3.268      4.882      1.308
   983        513  (B*0)              -84   969   975  1370  1371     0     0    -23.843    -27.454     38.399     53.151      5.325
   984          4  (c)                -71   463   463  1008  1069   518     0     -4.356      3.823     12.440     13.805      1.500
   985         21  (g)                -71   489   489  1008  1069   575   518     -1.003      1.206     -1.001      1.861      0.000
   986         21  (g)                -71   481   481  1008  1069   613   575     -0.200      1.472     -0.280      1.511      0.000
   987         21  (g)                -71   688   688  1008  1069   560   613      1.643      1.466     -0.416      2.312      0.569
   988         21  (g)                -71   488   488  1008  1069   607   560      0.977      0.451     -7.220      7.300      0.000
   989         21  (g)                -71   687   687  1008  1069   592   607      7.125     -4.348    -74.939     75.404      0.469
   990         21  (g)                -71   689   689  1008  1069   620   592      0.349     -1.252     -8.370      8.491      0.585
   991         21  (g)                -71   682   682  1008  1069   615   620      0.261     -1.715    -25.030     25.090      0.060
   992         21  (g)                -71   467   467  1008  1069   585   615     -0.557     -1.196    -36.489     36.513      0.000
   993         21  (g)                -71   419   419  1008  1069   571   585     -0.523     -1.107    -56.420     56.433      0.000
   994         21  (g)                -71   423   423  1008  1069   577   571      0.661      0.231    -11.272     11.293      0.000
   995         21  (g)                -71   427   427  1008  1069   511   577      0.290     -0.310    -61.568     61.569      0.000
   996         21  (g)                -71   406   406  1008  1069   576   511     -4.119     -4.513   -270.028    270.097      0.000
   997         21  (g)                -71   686   686  1008  1069   583   576     -2.951     -0.017   -129.458    129.492      0.403
   998         21  (g)                -71   426   426  1008  1069   510   583     -0.366      0.223    -31.455     31.458      0.000
   999         21  (g)                -71   499   499  1008  1069   584   510     -1.056      1.288  -1077.402   1077.404      0.000
  1000         21  (g)                -71   412   412  1008  1069   616   584      2.766     -1.607   -414.852    414.864      0.000
  1001         21  (g)                -71   438   438  1008  1069   604   616      0.176     -0.618    -73.089     73.091      0.000
  1002         21  (g)                -71   436   436  1008  1069   503   604      0.329     -0.420   -197.655    197.656      0.000
  1003         21  (g)                -71   683   683  1008  1069   564   503      0.860      2.025    111.073    111.095      0.187
  1004         21  (g)                -71   685   685  1008  1069   609   564     -0.361      1.320     24.258     24.298      0.270
  1005         21  (g)                -71   684   684  1008  1069   602   609      0.824      0.055      1.387      1.628      0.210
  1006         21  (g)                -71   486   486  1008  1069   531   602      0.352     -0.238      0.146      0.449      0.000
  1007         -4  (cbar)             -71   465   465  1008  1069     0   531      0.997     -0.182     -3.285      3.751      1.500
  1008        411  (D+)               -83   984  1007  1372  1374     0     0     -1.947      1.703      5.493      6.353      1.870
  1009        311  (K0)               -83   984  1007  1195  1195     0     0     -0.510      0.619      1.424      1.709      0.498
  1010       3312  (Xi-)              -83   984  1007  1375  1376     0     0     -1.929      1.216      3.470      4.357      1.322
  1011      -3112  (Sigmabar+)        -83   984  1007  1377  1378     0     0     -0.439      0.314      0.738      1.507      1.197
  1012       -213  (rho-)             -83   984  1007  1196  1197     0     0     -0.029      1.626      0.703      2.094      1.116
  1013       2212  p+                  83   984  1007     0     0     0     0      0.642      0.777     -2.405      2.772      0.938
  1014      -2212  pbar-               83   984  1007     0     0     0     0      0.172      0.766     -0.100      1.228      0.938
  1015        211  pi+                 83   984  1007     0     0     0     0     -0.438      0.374     -0.990      1.154      0.140
  1016       -213  (rho-)             -83   984  1007  1198  1199     0     0      0.961      1.244     -2.670      3.198      0.791
  1017        321  K+                  83   984  1007     0     0     0     0      0.456     -1.078     -5.081      5.237      0.494
  1018       -311  (Kbar0)            -83   984  1007  1200  1200     0     0      0.968      0.133     -4.002      4.149      0.498
  1019        111  (pi0)              -83   984  1007  1379  1380     0     0      0.492     -0.779    -10.789     10.829      0.135
  1020        111  (pi0)              -83   984  1007  1381  1382     0     0      0.358     -0.337     -2.826      2.871      0.135
  1021        221  (eta)              -83   984  1007  1383  1385     0     0      1.579     -0.486    -14.865     14.966      0.548
  1022        113  (rho0)             -83   984  1007  1201  1202     0     0      0.469     -0.215     -7.361      7.419      0.759
  1023       -211  pi-                 83   984  1007     0     0     0     0      1.116     -1.051    -10.174     10.290      0.140
  1024        113  (rho0)             -83   984  1007  1203  1204     0     0      1.325     -1.283    -29.690     29.760      0.874
  1025        211  pi+                 83   984  1007     0     0     0     0      0.145     -0.763     -8.129      8.167      0.140
  1026       2214  (Delta+)           -83   984  1007  1205  1206     0     0      1.298     -1.362    -21.477     21.597      1.278
  1027       -321  K-                  83   984  1007     0     0     0     0     -0.722     -0.310    -19.524     19.546      0.494
  1028      -3212  (Sigmabar0)        -83   984  1007  1386  1387     0     0      0.391     -1.585    -39.397     39.449      1.193
  1029       2112  n0                  83   984  1007     0     0     0     0     -0.467     -0.652    -76.144     76.154      0.940
  1030      -2112  nbar0               83   984  1007     0     0     0     0     -0.346     -0.459    -29.603     29.623      0.940
  1031       -211  pi-                 83   984  1007     0     0     0     0     -1.427     -2.190   -118.265    118.294      0.140
  1032        321  K+                  83   984  1007     0     0     0     0     -0.430      0.415    -37.715     37.723      0.494
  1033       3122  (Lambda0)          -83   984  1007  1388  1389     0     0     -1.350     -0.614    -92.854     92.873      1.116
  1034       -211  pi-                 83   984  1007     0     0     0     0     -0.696     -0.787    -77.453     77.461      0.140
  1035      -1114  (Deltabar+)        -83   984  1007  1207  1208     0     0     -1.081     -0.685   -104.641    104.656      1.254
  1036        111  (pi0)              -83   984  1007  1390  1391     0     0     -0.239     -0.030     -4.135      4.144      0.135
  1037        221  (eta)              -83   984  1007  1392  1394     0     0     -0.562     -0.169    -84.126     84.130      0.548
  1038        113  (rho0)             -83   984  1007  1209  1210     0     0     -1.330      0.393   -199.026    199.032      0.657
  1039       -211  pi-                 84   984  1007     0     0     0     0      0.208      0.746   -381.432    381.432      0.140
  1040        211  pi+                 84   984  1007     0     0     0     0     -0.175     -0.231   -241.849    241.849      0.140
  1041       -213  (rho-)             -84   984  1007  1211  1212     0     0      0.584     -0.493   -248.478    248.481      0.881
  1042        211  pi+                 84   984  1007     0     0     0     0     -0.036     -0.068     -4.789      4.792      0.140
  1043       -213  (rho-)             -84   984  1007  1213  1214     0     0      1.165     -0.435   -267.748    267.752      0.664
  1044        211  pi+                 84   984  1007     0     0     0     0      0.243      0.430    -37.235     37.239      0.140
  1045        111  (pi0)              -84   984  1007  1395  1396     0     0      0.134     -0.178    -46.819     46.820      0.135
  1046        111  (pi0)              -84   984  1007  1397  1398     0     0      0.344     -0.749    -96.281     96.285      0.135
  1047       -211  pi-                 84   984  1007     0     0     0     0      0.918     -0.593    -86.528     86.535      0.140
  1048        213  (rho+)             -84   984  1007  1215  1216     0     0     -0.017      0.121    -18.822     18.859      1.179
  1049       -213  (rho-)             -84   984  1007  1217  1218     0     0     -0.401     -0.562    -17.912     17.940      0.725
  1050        323  (K*+)              -84   984  1007  1219  1220     0     0     -0.083      0.542    -18.107     18.137      0.899
  1051       -323  (K*-)              -84   984  1007  1221  1222     0     0      0.010     -0.229     -5.135      5.219      0.903
  1052        113  (rho0)             -84   984  1007  1223  1224     0     0      0.293     -0.531      0.118      1.015      0.805
  1053        113  (rho0)             -84   984  1007  1225  1226     0     0      0.257      0.447     -0.525      1.027      0.716
  1054        223  (omega)            -84   984  1007  1399  1401     0     0     -0.241      0.442      0.731      1.188      0.789
  1055       2212  p+                  84   984  1007     0     0     0     0     -0.596     -0.377      5.232      5.362      0.938
  1056      -2112  nbar0               84   984  1007     0     0     0     0      0.713      0.126      5.343      5.473      0.940
  1057       -213  (rho-)             -84   984  1007  1227  1228     0     0     -0.021      0.086     15.158     15.181      0.840
  1058        111  (pi0)              -84   984  1007  1402  1403     0     0      0.207      0.480      5.069      5.097      0.135
  1059        223  (omega)            -84   984  1007  1404  1406     0     0     -0.255      0.022      9.297      9.333      0.779
  1060        211  pi+                 84   984  1007     0     0     0     0     -0.010      0.051      2.894      2.897      0.140
  1061        111  (pi0)              -84   984  1007  1407  1408     0     0      0.202      1.574     12.430     12.532      0.135
  1062        311  (K0)               -84   984  1007  1229  1229     0     0      0.178     -0.625     27.433     27.445      0.498
  1063       -321  K-                  84   984  1007     0     0     0     0      0.040      0.964     30.925     30.944      0.494
  1064        111  (pi0)              -84   984  1007  1409  1410     0     0     -0.205      0.291      8.968      8.976      0.135
  1065        211  pi+                 84   984  1007     0     0     0     0      0.880      0.249      7.700      7.755      0.140
  1066       -213  (rho-)             -84   984  1007  1230  1231     0     0     -0.202      0.132      3.680      3.970      1.470
  1067        111  (pi0)              -84   984  1007  1411  1412     0     0      0.098      0.080     -0.050      0.192      0.135
  1068        323  (K*+)              -84   984  1007  1232  1233     0     0     -0.074      0.083     -0.374      0.952      0.868
  1069       -433  (D*_s-)            -84   984  1007  1413  1414     0     0      1.530     -0.504     -2.200      3.449      2.112
  1070          2  (u)                -71   494   494  1072  1091   573     0      0.574      0.484    438.246    438.246      0.330
  1071       2203  (uu_1)             -71   529   529  1072  1091     0   573     -0.884      0.332  -2045.327   2045.328      0.771
  1072        211  pi+                 83  1070  1071     0     0     0     0     -0.031      0.151     29.141     29.142      0.140
  1073       -211  pi-                 83  1070  1071     0     0     0     0      0.169      0.287    328.501    328.501      0.140
  1074        211  pi+                 83  1070  1071     0     0     0     0      0.086     -0.270     36.998     36.999      0.140
  1075       -213  (rho-)             -83  1070  1071  1234  1235     0     0      0.102      0.326     11.977     12.008      0.797
  1076        211  pi+                 83  1070  1071     0     0     0     0      0.095     -0.101      7.008      7.011      0.140
  1077        111  (pi0)              -83  1070  1071  1415  1416     0     0      0.118      0.292      7.072      7.080      0.135
  1078        111  (pi0)              -83  1070  1071  1417  1418     0     0      0.058     -0.256      2.801      2.817      0.135
  1079       -211  pi-                 83  1070  1071     0     0     0     0     -0.142     -0.075      4.755      4.760      0.140
  1080        321  K+                  83  1070  1071     0     0     0     0     -0.286      0.186      1.468      1.586      0.494
  1081       -313  (K*bar0)           -83  1070  1071  1236  1237     0     0      0.445     -0.314      4.666      4.796      0.967
  1082        221  (eta)              -83  1070  1071  1419  1421     0     0      0.402     -0.067      2.011      2.124      0.548
  1083       -211  pi-                 83  1070  1071     0     0     0     0     -0.359      0.379      1.343      1.447      0.140
  1084        211  pi+                 84  1070  1071     0     0     0     0     -0.185     -0.066     -0.591      0.638      0.140
  1085       -211  pi-                 84  1070  1071     0     0     0     0     -0.155      0.210     -0.217      0.367      0.140
  1086        321  K+                  84  1070  1071     0     0     0     0      0.375     -0.475     -3.736      3.816      0.494
  1087       -323  (K*-)              -84  1070  1071  1238  1239     0     0      0.083      0.689     -3.480      3.658      0.888
  1088        221  (eta)              -84  1070  1071  1422  1423     0     0     -0.473     -0.601    -47.787     47.796      0.548
  1089        323  (K*+)              -84  1070  1071  1240  1241     0     0      0.388      0.209    -31.879     31.893      0.847
  1090       -321  K-                  84  1070  1071     0     0     0     0     -0.450      0.396   -334.816    334.817      0.494
  1091       2224  (Delta++)          -84  1070  1071  1242  1243     0     0     -0.550     -0.084  -1622.317   1622.318      1.582
  1092        211  pi+                 91   718     0     0     0     0     0      0.454      0.220    100.462    100.463      0.140
  1093       -211  pi-                 91   718     0     0     0     0     0     -0.083     -0.087    182.680    182.680      0.140
  1094       -211  pi-                 91   723     0     0     0     0     0      0.572     -0.750      3.113      3.255      0.140
  1095        111  (pi0)              -91   723     0  1424  1425     0     0      0.772     -2.027     11.289     11.496      0.135
  1096        211  pi+                 91   724     0     0     0     0     0     -0.072      0.060      0.758      0.776      0.140
  1097        111  (pi0)              -91   724     0  1426  1427     0     0      0.557     -0.603     10.604     10.636      0.135
  1098        321  K+                  91   727     0     0     0     0     0      0.571      0.052      9.710      9.739      0.494
  1099       -211  pi-                 91   727     0     0     0     0     0      1.102     -0.463     13.493     13.547      0.140
  1100        130  K_L0                91   734   734     0     0     0     0      0.221      0.265     -4.034      4.079      0.498
  1101        311  (K0)               -91   739     0  1244  1244     0     0     -0.528     -0.339     -1.433      1.642      0.498
  1102        211  pi+                 91   739     0     0     0     0     0      0.077     -0.358     -0.702      0.804      0.140
  1103        310  (K_S0)             -91   742   742  1428  1429     0     0     -1.248      0.298     -0.329      1.415      0.498
  1104        130  K_L0                91   757   757     0     0     0     0      0.431      1.327      3.776      4.056      0.498
  1105        130  K_L0                91   758   758     0     0     0     0     -0.541      0.908      1.026      1.555      0.498
  1106       2212  p+                  91   759     0     0     0     0     0     -0.548     -0.970      0.191      1.469      0.938
  1107       -211  pi-                 91   759     0     0     0     0     0     -0.235     -0.018      0.241      0.365      0.140
  1108        211  pi+                 91   760     0     0     0     0     0     -0.331     -0.111     -0.312      0.488      0.140
  1109       -211  pi-                 91   760     0     0     0     0     0      0.184      0.368      0.105      0.447      0.140
  1110        211  pi+                 91   762     0     0     0     0     0     -0.147     -0.575      0.122      0.622      0.140
  1111       -211  pi-                 91   762     0     0     0     0     0      0.276     -0.060     -0.116      0.336      0.140
  1112        211  pi+                 91   774     0     0     0     0     0      0.413      0.218     -0.141      0.507      0.140
  1113        111  (pi0)              -91   774     0  1430  1431     0     0      3.535      0.216     -0.773      3.627      0.135
  1114       -211  pi-                 91   780     0     0     0     0     0      0.058     -0.131     -0.306      0.365      0.140
  1115        111  (pi0)              -91   780     0  1432  1433     0     0      0.155      0.458      0.062      0.506      0.135
  1116        211  pi+                 91   781     0     0     0     0     0      0.048     -0.441     -0.063      0.469      0.140
  1117        111  (pi0)              -91   781     0  1434  1435     0     0     -0.129      0.261     -0.071      0.329      0.135
  1118       -211  pi-                 91   782     0     0     0     0     0     -0.127      0.047      0.422      0.465      0.140
  1119        111  (pi0)              -91   782     0  1436  1437     0     0      0.597      0.180      0.122      0.650      0.135
  1120       2212  p+                  91   800     0     0     0     0     0     -0.390      3.156     -0.565      3.363      0.938
  1121        111  (pi0)              -91   800     0  1438  1439     0     0     -0.537      0.983     -0.125      1.135      0.135
  1122      -2212  pbar-               91   801     0     0     0     0     0     -1.178      5.161     -1.123      5.493      0.938
  1123        211  pi+                 91   801     0     0     0     0     0     -0.826      3.006     -0.343      3.139      0.140
  1124        211  pi+                 91   805     0     0     0     0     0     -4.090     15.786     -4.545     16.930      0.140
  1125        111  (pi0)              -91   805     0  1440  1441     0     0     -7.491     27.233     -6.787     29.049      0.135
  1126       -211  pi-                 91   806     0     0     0     0     0     -3.068      9.134     -2.367      9.923      0.140
  1127        111  (pi0)              -91   806     0  1442  1443     0     0     -9.401     27.001     -6.347     29.287      0.135
  1128        211  pi+                 91   809     0     0     0     0     0     -0.088      0.742      0.158      0.776      0.140
  1129       -211  pi-                 91   809     0     0     0     0     0     -1.954      6.286     -0.467      6.601      0.140
  1130        211  pi+                 91   810     0     0     0     0     0     -0.739      2.687     -0.178      2.796      0.140
  1131       -211  pi-                 91   810     0     0     0     0     0     -2.940      7.159     -1.225      7.837      0.140
  1132        211  pi+                 91   811     0     0     0     0     0     -0.065      1.310      0.176      1.331      0.140
  1133        111  (pi0)              -91   811     0  1444  1445     0     0     -1.912      6.056     -0.138      6.354      0.135
  1134       -211  pi-                 91   812     0     0     0     0     0     -3.344      9.056     -0.254      9.658      0.140
  1135        111  (pi0)              -91   812     0  1446  1447     0     0     -1.662      3.624     -0.379      4.007      0.135
  1136        211  pi+                 91   827     0     0     0     0     0     -0.383     -0.367      0.679      0.873      0.140
  1137       -211  pi-                 91   827     0     0     0     0     0     -1.229      0.161      2.411      2.715      0.140
  1138        211  pi+                 91   834     0     0     0     0     0     -0.224     -0.793      8.646      8.686      0.140
  1139       -211  pi-                 91   834     0     0     0     0     0     -0.621     -0.635      6.059      6.126      0.140
  1140        321  K+                  91   835     0     0     0     0     0     -0.094     -0.233      6.421      6.445      0.494
  1141        111  (pi0)              -91   835     0  1448  1449     0     0     -0.320      0.197      5.462      5.477      0.135
  1142       -211  pi-                 91   855     0     0     0     0     0     -0.407      0.439     -2.270      2.352      0.140
  1143        111  (pi0)              -91   855     0  1450  1451     0     0     -1.235      0.491     -2.182      2.558      0.135
  1144        211  pi+                 91   860     0     0     0     0     0     -0.183     -0.374     -0.180      0.474      0.140
  1145        111  (pi0)              -91   860     0  1452  1453     0     0     -0.480      0.413     -0.496      0.815      0.135
  1146        321  K+                  91   865     0     0     0     0     0     -2.121     -0.295      1.921      2.920      0.494
  1147       -211  pi-                 91   865     0     0     0     0     0     -1.786     -0.521      1.046      2.139      0.140
  1148        321  K+                  91   878     0     0     0     0     0     -1.319     -1.354    -12.587     12.738      0.494
  1149       -211  pi-                 91   878     0     0     0     0     0      0.022     -0.274     -2.296      2.317      0.140
  1150        211  pi+                 91   880     0     0     0     0     0      0.537      0.092    -10.051     10.067      0.140
  1151        111  (pi0)              -91   880     0  1454  1455     0     0      0.289      0.871     -8.693      8.742      0.135
  1152        310  (K_S0)             -91   897   897  1456  1457     0     0      1.590     -0.047     31.918     31.962      0.498
  1153        211  pi+                 91   903     0     0     0     0     0      0.231     -0.319      9.290      9.300      0.140
  1154       -211  pi-                 91   903     0     0     0     0     0      0.195     -0.401     46.759     46.761      0.140
  1155        321  K+                  91   904     0     0     0     0     0     -0.368      0.160    147.867    147.868      0.494
  1156        111  (pi0)              -91   904     0  1458  1459     0     0     -0.205     -0.377     85.923     85.924      0.135
  1157       -321  K-                  91   905     0     0     0     0     0     -0.753     -0.079    111.801    111.804      0.494
  1158        211  pi+                 91   905     0     0     0     0     0     -0.096     -0.181     12.578     12.581      0.140
  1159        211  pi+                 91   907     0     0     0     0     0     -0.146     -0.106     48.358     48.358      0.140
  1160       -211  pi-                 91   907     0     0     0     0     0      0.001      1.156    170.023    170.027      0.140
  1161        211  pi+                 91   912     0     0     0     0     0      0.159      1.292    279.149    279.152      0.140
  1162        111  (pi0)              -91   912     0  1460  1461     0     0     -0.067     -0.109     87.792     87.792      0.135
  1163      -2212  pbar-               91   913     0     0     0     0     0      0.281      0.075     68.545     68.552      0.938
  1164       -211  pi-                 91   913     0     0     0     0     0      0.269      0.419     90.202     90.203      0.140
  1165       2112  n0                  91   915     0     0     0     0     0      0.165     -0.454     50.879     50.890      0.940
  1166       -211  pi-                 91   915     0     0     0     0     0      0.054     -0.034     44.360     44.360      0.140
  1167        130  K_L0                91   916   916     0     0     0     0      0.915     -0.140     29.485     29.504      0.498
  1168       -211  pi-                 91   922     0     0     0     0     0     -0.088      0.085      4.921      4.925      0.140
  1169        111  (pi0)              -91   922     0  1462  1463     0     0      0.177     -0.479      5.286      5.312      0.135
  1170        310  (K_S0)             -91   930   930  1464  1465     0     0     37.632    -51.604     -8.989     64.499      0.498
  1171       -211  pi-                 91   931     0     0     0     0     0      2.539     -3.437     -1.312      4.472      0.140
  1172        111  (pi0)              -91   931     0  1466  1467     0     0      6.871     -9.666     -1.972     12.023      0.135
  1173        211  pi+                 91   937     0     0     0     0     0      0.441     -0.229      0.172      0.544      0.140
  1174        111  (pi0)              -91   937     0  1468  1469     0     0      0.599     -0.977     -0.596      1.299      0.135
  1175        310  (K_S0)             -91   938   938  1470  1471     0     0      0.811     -1.480     -0.061      1.760      0.498
  1176        211  pi+                 91   942     0     0     0     0     0      3.063      0.158     -0.258      3.081      0.140
  1177        111  (pi0)              -91   942     0  1472  1473     0     0      2.756      0.358      0.398      2.811      0.135
  1178        311  (K0)               -91   956     0  1245  1245     0     0     -0.584     -3.658      1.258      3.944      0.498
  1179        211  pi+                 91   956     0     0     0     0     0     -0.722     -5.969      2.301      6.439      0.140
  1180       -311  (Kbar0)            -91   957     0  1246  1246     0     0     -1.794     -6.908      2.643      7.626      0.498
  1181        111  (pi0)              -91   957     0  1474  1475     0     0     -0.602     -3.605      1.234      3.860      0.135
  1182        211  pi+                 91   959     0     0     0     0     0     -0.769     -1.201      0.646      1.571      0.140
  1183       -211  pi-                 91   959     0     0     0     0     0     -0.792     -1.793     -0.001      1.965      0.140
  1184       -211  pi-                 91   960     0     0     0     0     0     -0.086     -1.806      0.701      1.944      0.140
  1185        111  (pi0)              -91   960     0  1476  1477     0     0     -0.516     -0.797      0.262      0.994      0.135
  1186       -311  (Kbar0)            -91   963     0  1247  1247     0     0      0.293     -0.190      0.618      0.867      0.498
  1187        111  (pi0)              -91   963     0  1478  1479     0     0     -0.295     -0.430      0.483      0.724      0.135
  1188        211  pi+                 91   965     0     0     0     0     0      0.351     -1.785      2.618      3.191      0.140
  1189        111  (pi0)              -91   965     0  1480  1481     0     0      1.357     -1.920      5.299      5.799      0.135
  1190       3122  (Lambda0)          -91   980     0  1482  1483     0     0      0.456     -0.342     -0.451      1.331      1.116
  1191        111  (pi0)              -91   980     0  1484  1485     0     0     -0.035     -0.351     -0.164      0.412      0.135
  1192        130  K_L0                91   981   981     0     0     0     0      0.246     -0.202      0.728      0.937      0.498
  1193      -2112  nbar0               91   982     0     0     0     0     0     -1.582     -1.987      2.624      3.771      0.940
  1194        111  (pi0)              -91   982     0  1486  1487     0     0     -0.241     -0.862      0.644      1.111      0.135
  1195        130  K_L0                91  1009  1009     0     0     0     0     -0.510      0.619      1.424      1.709      0.498
  1196       -211  pi-                 91  1012     0     0     0     0     0      0.474      0.555      0.473      0.881      0.140
  1197        111  (pi0)              -91  1012     0  1488  1489     0     0     -0.503      1.071      0.230      1.213      0.135
  1198       -211  pi-                 91  1016     0     0     0     0     0      0.846      0.530     -1.753      2.022      0.140
  1199        111  (pi0)              -91  1016     0  1490  1491     0     0      0.115      0.715     -0.918      1.177      0.135
  1200        310  (K_S0)             -91  1018  1018  1492  1493     0     0      0.968      0.133     -4.002      4.149      0.498
  1201        211  pi+                 91  1022     0     0     0     0     0      0.101      0.246     -3.028      3.043      0.140
  1202       -211  pi-                 91  1022     0     0     0     0     0      0.368     -0.461     -4.333      4.375      0.140
  1203        211  pi+                 91  1024     0     0     0     0     0      1.396     -1.114    -24.769     24.833      0.140
  1204       -211  pi-                 91  1024     0     0     0     0     0     -0.070     -0.169     -4.921      4.927      0.140
  1205       2212  p+                  91  1026     0     0     0     0     0      1.218     -1.226    -20.686     20.780      0.938
  1206        111  (pi0)              -91  1026     0  1494  1495     0     0      0.080     -0.136     -0.790      0.817      0.135
  1207      -2112  nbar0               91  1035     0     0     0     0     0     -0.702     -0.289    -77.878     77.887      0.940
  1208        211  pi+                 91  1035     0     0     0     0     0     -0.379     -0.396    -26.763     26.769      0.140
  1209        211  pi+                 91  1038     0     0     0     0     0     -0.666      0.172    -60.363     60.368      0.140
  1210       -211  pi-                 91  1038     0     0     0     0     0     -0.664      0.221   -138.663    138.664      0.140
  1211       -211  pi-                 91  1041     0     0     0     0     0      0.236     -0.498    -68.774     68.777      0.140
  1212        111  (pi0)              -91  1041     0  1496  1497     0     0      0.348      0.005   -179.704    179.704      0.135
  1213       -211  pi-                 91  1043     0     0     0     0     0      0.677     -0.492   -199.628    199.630      0.140
  1214        111  (pi0)              -91  1043     0  1498  1499     0     0      0.489      0.057    -68.120     68.122      0.135
  1215        211  pi+                 91  1048     0     0     0     0     0     -0.212     -0.475     -9.407      9.423      0.140
  1216        111  (pi0)              -91  1048     0  1500  1501     0     0      0.195      0.596     -9.415      9.437      0.135
  1217       -211  pi-                 91  1049     0     0     0     0     0      0.111     -0.366     -5.456      5.471      0.140
  1218        111  (pi0)              -91  1049     0  1502  1504     0     0     -0.512     -0.196    -12.456     12.469      0.135
  1219        311  (K0)               -91  1050     0  1248  1248     0     0     -0.207      0.642    -14.963     14.986      0.498
  1220        211  pi+                 91  1050     0     0     0     0     0      0.124     -0.100     -3.144      3.151      0.140
  1221       -321  K-                  91  1051     0     0     0     0     0     -0.039      0.155     -3.060      3.104      0.494
  1222        111  (pi0)              -91  1051     0  1505  1506     0     0      0.049     -0.384     -2.075      2.115      0.135
  1223        211  pi+                 91  1052     0     0     0     0     0      0.117      0.169      0.130      0.280      0.140
  1224       -211  pi-                 91  1052     0     0     0     0     0      0.175     -0.699     -0.012      0.734      0.140
  1225        211  pi+                 91  1053     0     0     0     0     0      0.112      0.351     -0.658      0.767      0.140
  1226       -211  pi-                 91  1053     0     0     0     0     0      0.145      0.096      0.133      0.260      0.140
  1227       -211  pi-                 91  1057     0     0     0     0     0     -0.203      0.094     13.948     13.951      0.140
  1228        111  (pi0)              -91  1057     0  1507  1508     0     0      0.182     -0.008      1.210      1.231      0.135
  1229        130  K_L0                91  1062  1062     0     0     0     0      0.178     -0.625     27.433     27.445      0.498
  1230       -211  pi-                 91  1066     0     0     0     0     0      0.421      0.396      2.738      2.802      0.140
  1231        111  (pi0)              -91  1066     0  1509  1510     0     0     -0.624     -0.265      0.942      1.168      0.135
  1232        311  (K0)               -91  1068     0  1249  1249     0     0      0.147      0.169     -0.084      0.552      0.498
  1233        211  pi+                 91  1068     0     0     0     0     0     -0.221     -0.086     -0.290      0.400      0.140
  1234       -211  pi-                 91  1075     0     0     0     0     0     -0.034      0.210      1.098      1.127      0.140
  1235        111  (pi0)              -91  1075     0  1511  1512     0     0      0.137      0.117     10.879     10.882      0.135
  1236       -321  K-                  91  1081     0     0     0     0     0      0.079     -0.318      1.617      1.722      0.494
  1237        211  pi+                 91  1081     0     0     0     0     0      0.366      0.004      3.049      3.074      0.140
  1238       -321  K-                  91  1087     0     0     0     0     0     -0.184      0.617     -2.318      2.456      0.494
  1239        111  (pi0)              -91  1087     0  1513  1514     0     0      0.267      0.072     -1.162      1.202      0.135
  1240        311  (K0)               -91  1089     0  1250  1250     0     0      0.337      0.392    -24.816     24.826      0.498
  1241        211  pi+                 91  1089     0     0     0     0     0      0.050     -0.183     -7.064      7.068      0.140
  1242       2212  p+                  91  1091     0     0     0     0     0      0.087     -0.092   -705.677    705.678      0.938
  1243        211  pi+                 91  1091     0     0     0     0     0     -0.637      0.008   -916.640    916.640      0.140
  1244        310  (K_S0)             -91  1101  1101  1515  1516     0     0     -0.528     -0.339     -1.433      1.642      0.498
  1245        310  (K_S0)             -91  1178  1178  1517  1518     0     0     -0.584     -3.658      1.258      3.944      0.498
  1246        130  K_L0                91  1180  1180     0     0     0     0     -1.794     -6.908      2.643      7.626      0.498
  1247        310  (K_S0)             -91  1186  1186  1519  1520     0     0      0.293     -0.190      0.618      0.867      0.498
  1248        130  K_L0                91  1219  1219     0     0     0     0     -0.207      0.642    -14.963     14.986      0.498
  1249        130  K_L0                91  1232  1232     0     0     0     0      0.147      0.169     -0.084      0.552      0.498
  1250        310  (K_S0)             -91  1240  1240  1521  1522     0     0      0.337      0.392    -24.816     24.826      0.498
  1251        211  pi+                 91   709     0     0     0     0     0     -0.299     -0.133     25.335     25.337      0.140
  1252       -211  pi-                 91   709     0     0     0     0     0      0.097     -0.180     26.900     26.901      0.140
  1253        111  (pi0)              -91   709     0  1523  1524     0     0     -0.155      0.100     39.269     39.270      0.135
  1254         22  gamma               91   710     0     0     0     0     0     -0.167     -0.265     24.933     24.935      0.000
  1255         22  gamma               91   710     0     0     0     0     0     -0.646     -0.694     88.542     88.547      0.000
  1256         22  gamma               91   714     0     0     0     0     0     -0.020     -1.605     -7.660      7.827      0.000
  1257         22  gamma               91   714     0     0     0     0     0     -0.011     -0.411     -1.658      1.708      0.000
  1258       -311  (Kbar0)            -91   715     0  1525  1525     0     0     -0.783     -2.207     -8.736      9.058      0.498
  1259       -211  pi-                 91   715     0     0     0     0     0      0.005     -0.885     -2.949      3.082      0.140
  1260        211  pi+                 91   715     0     0     0     0     0     -0.553     -0.665     -4.676      4.758      0.140
  1261        111  (pi0)              -91   715     0  1526  1527     0     0     -0.097     -0.562     -3.053      3.109      0.135
  1262        111  (pi0)              -91   715     0  1528  1529     0     0      0.027     -0.509     -2.359      2.417      0.135
  1263        111  (pi0)              -91   733     0  1530  1531     0     0     -0.104      0.372     -1.313      1.375      0.135
  1264        111  (pi0)              -91   733     0  1532  1533     0     0     -0.029      0.160     -1.143      1.163      0.135
  1265        111  (pi0)              -91   733     0  1534  1535     0     0      0.028      0.382     -0.964      1.046      0.135
  1266        111  (pi0)              -91   736     0  1536  1537     0     0     -0.098      0.550     -2.645      2.707      0.135
  1267        111  (pi0)              -91   736     0  1538  1539     0     0     -0.175      0.679     -3.642      3.711      0.135
  1268        111  (pi0)              -91   736     0  1540  1541     0     0     -0.055      0.725     -2.563      2.668      0.135
  1269        211  pi+                 91   737     0     0     0     0     0     -0.308      0.571     -2.594      2.677      0.140
  1270       -211  pi-                 91   737     0     0     0     0     0     -0.156      0.343     -2.437      2.470      0.140
  1271        111  (pi0)              -91   737     0  1542  1543     0     0      0.144      0.139     -1.802      1.819      0.135
  1272         22  gamma               91   738     0     0     0     0     0      0.133     -0.093     -0.592      0.613      0.000
  1273         22  gamma               91   738     0     0     0     0     0      0.329     -0.062     -0.802      0.869      0.000
  1274        111  (pi0)              -91   744     0  1544  1545     0     0      0.362     -0.744      5.682      5.743      0.135
  1275         22  gamma               91   744     0     0     0     0     0      0.027     -0.230      7.458      7.461      0.000
  1276       -511  (Bbar0)            -91   772     0  1546  1549     0     0     69.697     10.067    -13.446     71.887      5.280
  1277         22  gamma               91   772     0     0     0     0     0      0.049      0.025     -0.018      0.058      0.000
  1278        211  pi+                 91   775     0     0     0     0     0      0.842      0.209     -0.274      0.921      0.140
  1279       -211  pi-                 91   775     0     0     0     0     0      0.401      0.077     -0.140      0.454      0.140
  1280        221  (eta)              -91   775     0  1550  1552     0     0      1.009      0.153     -0.082      1.161      0.548
  1281        211  pi+                 91   783     0     0     0     0     0     -0.618      1.560     -0.193      1.695      0.140
  1282       -211  pi-                 91   783     0     0     0     0     0     -0.088      0.475     -0.307      0.590      0.140
  1283        111  (pi0)              -91   783     0  1553  1554     0     0     -0.031      0.414     -0.012      0.437      0.135
  1284        211  pi+                 91   803     0     0     0     0     0     -6.694     21.366     -5.321     23.014      0.140
  1285       -211  pi-                 91   803     0     0     0     0     0     -4.466     15.150     -3.880     16.265      0.140
  1286        111  (pi0)              -91   803     0  1555  1556     0     0     -1.735      6.035     -1.700      6.507      0.135
  1287        211  pi+                 91   804     0     0     0     0     0     -0.414      1.367     -0.488      1.516      0.140
  1288       -211  pi-                 91   804     0     0     0     0     0     -0.675      2.294     -0.633      2.478      0.140
  1289        111  (pi0)              -91   804     0  1557  1558     0     0     -3.189      9.375     -2.275     10.161      0.135
  1290         22  gamma               91   807     0     0     0     0     0     -0.900      4.718     -0.930      4.892      0.000
  1291         22  gamma               91   807     0     0     0     0     0     -1.644      8.000     -1.716      8.346      0.000
  1292         22  gamma               91   808     0     0     0     0     0     -0.650      1.323     -0.290      1.502      0.000
  1293         22  gamma               91   808     0     0     0     0     0     -2.620      5.753     -1.030      6.405      0.000
  1294         22  gamma               91   813     0     0     0     0     0     -0.686      2.466     -0.525      2.613      0.000
  1295         22  gamma               91   813     0     0     0     0     0     -0.507      2.443      0.006      2.495      0.000
  1296        521  (B+)               -91   814     0  1559  1563     0     0    -51.348    181.262    -18.925    189.416      5.279
  1297         22  gamma               91   814     0     0     0     0     0     -0.837      2.968     -0.287      3.098      0.000
  1298        130  K_L0                91   824     0     0     0     0     0     -2.199     -1.432      2.667      3.775      0.498
  1299        310  (K_S0)             -91   824     0  1564  1565     0     0     -2.675     -1.937      3.236      4.651      0.498
  1300        211  pi+                 91   826     0     0     0     0     0     -0.438     -0.426      0.595      0.864      0.140
  1301       -211  pi-                 91   826     0     0     0     0     0     -0.628     -0.747      0.839      1.294      0.140
  1302        111  (pi0)              -91   826     0  1566  1567     0     0     -0.344     -0.496      0.322      0.698      0.135
  1303         22  gamma               91   828     0     0     0     0     0     -0.286      0.309      1.582      1.637      0.000
  1304         22  gamma               91   828     0     0     0     0     0     -0.027      0.080      0.570      0.576      0.000
  1305        111  (pi0)              -91   830     0  1568  1569     0     0     -1.307     -1.101     16.878     16.965      0.135
  1306         22  gamma               91   830     0     0     0     0     0     -0.119     -0.373      1.822      1.863      0.000
  1307         22  gamma               91   832     0     0     0     0     0     -0.467     -0.742     10.957     10.992      0.000
  1308         22  gamma               91   832     0     0     0     0     0     -0.360     -0.823     10.955     10.992      0.000
  1309        211  pi+                 91   833     0     0     0     0     0     -0.505     -1.095     14.709     14.759      0.140
  1310       -211  pi-                 91   833     0     0     0     0     0     -0.586     -0.623      9.787      9.826      0.140
  1311        111  (pi0)              -91   833     0  1570  1571     0     0     -1.586     -1.797     31.049     31.142      0.135
  1312         22  gamma               91   838     0     0     0     0     0      0.390     -0.184      5.767      5.783      0.000
  1313         22  gamma               91   838     0     0     0     0     0      0.186     -0.087      1.750      1.762      0.000
  1314        421  (D0)               -91   848     0  1572  1574     0     0      2.692      1.076    -10.497     11.049      1.865
  1315         22  gamma               91   848     0     0     0     0     0      0.180      0.069     -1.205      1.220      0.000
  1316         22  gamma               91   853     0     0     0     0     0     -1.066      0.704     -3.785      3.995      0.000
  1317         22  gamma               91   853     0     0     0     0     0     -0.340      0.212     -0.974      1.053      0.000
  1318         22  gamma               91   857     0     0     0     0     0     -0.592     -0.287     -0.979      1.180      0.000
  1319         22  gamma               91   857     0     0     0     0     0     -0.377     -0.251     -0.857      0.969      0.000
  1320         22  gamma               91   858     0     0     0     0     0     -0.449     -0.047     -0.317      0.552      0.000
  1321         22  gamma               91   858     0     0     0     0     0     -0.170      0.054     -0.076      0.194      0.000
  1322      -2212  pbar-               91   872     0     0     0     0     0    -27.296    -33.856   -318.323    321.281      0.938
  1323        211  pi+                 91   872     0     0     0     0     0     -3.148     -3.760    -35.888     36.221      0.140
  1324       2112  n0                  91   873     0     0     0     0     0    -36.037    -43.158   -406.239    410.113      0.940
  1325        111  (pi0)              -91   873     0  1575  1576     0     0     -4.968     -6.117    -56.703     57.248      0.135
  1326         22  gamma               91   875     0     0     0     0     0     -0.483     -0.431     -4.338      4.387      0.000
  1327         22  gamma               91   875     0     0     0     0     0     -5.112     -5.133    -49.674     50.199      0.000
  1328        211  pi+                 91   876     0     0     0     0     0     -0.057     -0.227     -1.248      1.278      0.140
  1329       -211  pi-                 91   876     0     0     0     0     0      0.033     -0.389     -3.117      3.144      0.140
  1330        111  (pi0)              -91   876     0  1577  1578     0     0      0.048     -0.771     -5.164      5.223      0.135
  1331         22  gamma               91   877     0     0     0     0     0     -0.101      0.079     -2.816      2.819      0.000
  1332         22  gamma               91   877     0     0     0     0     0     -0.621      0.272    -10.128     10.150      0.000
  1333         22  gamma               91   898     0     0     0     0     0      0.375      0.182     10.486     10.494      0.000
  1334         22  gamma               91   898     0     0     0     0     0      2.387      1.221     59.441     59.501      0.000
  1335         22  gamma               91   900     0     0     0     0     0      0.516     -0.646     20.960     20.976      0.000
  1336         22  gamma               91   900     0     0     0     0     0      0.137      0.112      5.267      5.270      0.000
  1337         22  gamma               91   909     0     0     0     0     0     -0.795      0.342    129.440    129.443      0.000
  1338         22  gamma               91   909     0     0     0     0     0     -0.160      0.091     37.840     37.841      0.000
  1339      -2112  nbar0               91   917     0     0     0     0     0     -0.219     -0.411     53.413     53.423      0.940
  1340        211  pi+                 91   917     0     0     0     0     0      0.174     -0.056      8.817      8.819      0.140
  1341        211  pi+                 91   918     0     0     0     0     0      0.050     -0.006      3.898      3.901      0.140
  1342       -211  pi-                 91   918     0     0     0     0     0      0.316     -0.430      8.849      8.866      0.140
  1343        111  (pi0)              -91   918     0  1579  1580     0     0      0.045      0.014     10.396     10.396      0.135
  1344        211  pi+                 91   921     0     0     0     0     0      0.091     -0.250      6.138      6.146      0.140
  1345       -211  pi-                 91   921     0     0     0     0     0      0.976     -1.621     34.386     34.438      0.140
  1346        111  (pi0)              -91   921     0  1581  1582     0     0      0.447     -0.298      9.605      9.621      0.135
  1347         22  gamma               91   933     0     0     0     0     0      0.251     -0.522     -0.165      0.603      0.000
  1348         22  gamma               91   933     0     0     0     0     0      0.420     -0.657     -0.094      0.785      0.000
  1349         22  gamma               91   940     0     0     0     0     0      0.606      0.012     -0.042      0.607      0.000
  1350         22  gamma               91   940     0     0     0     0     0      2.099     -0.864      0.362      2.298      0.000
  1351         22  gamma               91   941     0     0     0     0     0      0.263      0.180      0.143      0.349      0.000
  1352         22  gamma               91   941     0     0     0     0     0      0.246      0.037      0.162      0.297      0.000
  1353       -421  (Dbar0)            -91   943     0  1583  1586     0     0     41.949      0.708      5.876     42.406      1.865
  1354       -211  pi-                 91   943     0     0     0     0     0      2.648      0.066      0.395      2.681      0.140
  1355         22  gamma               91   955     0     0     0     0     0     -0.219     -0.955      0.261      1.014      0.000
  1356         22  gamma               91   955     0     0     0     0     0     -0.907     -4.671      1.526      4.997      0.000
  1357        211  pi+                 91   958     0     0     0     0     0     -0.037     -0.882      0.108      0.900      0.140
  1358       -211  pi-                 91   958     0     0     0     0     0     -0.152     -0.772      0.107      0.807      0.140
  1359        221  (eta)              -91   958     0  1587  1588     0     0     -0.855     -5.292      1.281      5.539      0.548
  1360         22  gamma               91   961     0     0     0     0     0      0.001     -0.113      0.030      0.117      0.000
  1361         22  gamma               91   961     0     0     0     0     0     -0.203     -2.441      0.058      2.450      0.000
  1362        211  pi+                 91   966     0     0     0     0     0      0.795     -1.705      2.844      3.413      0.140
  1363       -211  pi-                 91   966     0     0     0     0     0      0.236     -0.324      0.756      0.867      0.140
  1364        111  (pi0)              -91   966     0  1589  1590     0     0      0.122     -0.696      1.611      1.765      0.135
  1365       -511  (Bbar0)            -91   976     0  1591  1592     0     0     33.556     -8.730    -24.462     42.761      5.280
  1366         22  gamma               91   976     0     0     0     0     0      0.523     -0.133     -0.342      0.639      0.000
  1367        211  pi+                 91   977     0     0     0     0     0      0.736     -0.281     -0.018      0.801      0.140
  1368       -211  pi-                 91   977     0     0     0     0     0      0.380     -0.334     -0.285      0.597      0.140
  1369        111  (pi0)              -91   977     0  1593  1595     0     0      0.781     -0.116     -0.381      0.887      0.135
  1370        511  (B0)               -91   983     0  1596  1598     0     0    -23.684    -27.294     38.101     52.777      5.280
  1371         22  gamma               91   983     0     0     0     0     0     -0.160     -0.159      0.298      0.374      0.000
  1372        311  (K0)               -91  1008     0  1599  1599     0     0     -0.795      0.822      1.578      2.012      0.498
  1373        211  pi+                 91  1008     0     0     0     0     0      0.213      0.125      0.903      0.946      0.140
  1374        111  (pi0)              -91  1008     0  1600  1601     0     0     -1.365      0.756      3.012      3.395      0.135
  1375       3122  (Lambda0)          -91  1010     0  1602  1603     0     0     -1.643      0.945      3.089      3.792      1.116
  1376       -211  pi-                 91  1010     0     0     0     0     0     -0.286      0.271      0.381      0.566      0.140
  1377      -2112  nbar0               91  1011     0     0     0     0     0     -0.423      0.145      0.756      1.286      0.940
  1378        211  pi+                 91  1011     0     0     0     0     0     -0.016      0.169     -0.018      0.220      0.140
  1379         22  gamma               91  1019     0     0     0     0     0      0.251     -0.431     -6.585      6.604      0.000
  1380         22  gamma               91  1019     0     0     0     0     0      0.241     -0.348     -4.204      4.225      0.000
  1381         22  gamma               91  1020     0     0     0     0     0      0.094     -0.118     -0.569      0.588      0.000
  1382         22  gamma               91  1020     0     0     0     0     0      0.263     -0.218     -2.257      2.283      0.000
  1383        111  (pi0)              -91  1021     0  1604  1605     0     0      0.732     -0.229     -7.028      7.071      0.135
  1384        111  (pi0)              -91  1021     0  1606  1607     0     0      0.333     -0.070     -4.103      4.119      0.135
  1385        111  (pi0)              -91  1021     0  1608  1609     0     0      0.514     -0.186     -3.734      3.776      0.135
  1386      -3122  (Lambdabar0)       -91  1028     0  1610  1611     0     0      0.337     -1.363    -34.927     34.973      1.116
  1387         22  gamma               91  1028     0     0     0     0     0      0.054     -0.222     -4.469      4.475      0.000
  1388       2212  p+                  91  1033     0     0     0     0     0     -1.019     -0.465    -76.156     76.170      0.938
  1389       -211  pi-                 91  1033     0     0     0     0     0     -0.331     -0.149    -16.698     16.703      0.140
  1390         22  gamma               91  1036     0     0     0     0     0     -0.066     -0.000     -2.271      2.272      0.000
  1391         22  gamma               91  1036     0     0     0     0     0     -0.173     -0.030     -1.864      1.872      0.000
  1392        111  (pi0)              -91  1037     0  1612  1613     0     0     -0.271      0.025    -42.205     42.206      0.135
  1393        111  (pi0)              -91  1037     0  1614  1615     0     0     -0.147     -0.122    -14.040     14.041      0.135
  1394        111  (pi0)              -91  1037     0  1616  1617     0     0     -0.145     -0.072    -27.881     27.882      0.135
  1395         22  gamma               91  1045     0     0     0     0     0      0.051      0.010    -12.784     12.785      0.000
  1396         22  gamma               91  1045     0     0     0     0     0      0.084     -0.188    -34.034     34.035      0.000
  1397         22  gamma               91  1046     0     0     0     0     0      0.013     -0.009     -0.676      0.677      0.000
  1398         22  gamma               91  1046     0     0     0     0     0      0.331     -0.740    -95.605     95.608      0.000
  1399        211  pi+                 91  1054     0     0     0     0     0      0.153      0.157      0.124      0.288      0.140
  1400       -211  pi-                 91  1054     0     0     0     0     0     -0.341      0.338      0.395      0.638      0.140
  1401        111  (pi0)              -91  1054     0  1618  1619     0     0     -0.052     -0.053      0.212      0.262      0.135
  1402         22  gamma               91  1058     0     0     0     0     0      0.203      0.320      3.681      3.700      0.000
  1403         22  gamma               91  1058     0     0     0     0     0      0.004      0.160      1.388      1.397      0.000
  1404        211  pi+                 91  1059     0     0     0     0     0     -0.362     -0.091      4.446      4.464      0.140
  1405       -211  pi-                 91  1059     0     0     0     0     0      0.000     -0.030      3.186      3.189      0.140
  1406        111  (pi0)              -91  1059     0  1620  1621     0     0      0.107      0.143      1.666      1.681      0.135
  1407         22  gamma               91  1061     0     0     0     0     0      0.035      0.098      0.639      0.647      0.000
  1408         22  gamma               91  1061     0     0     0     0     0      0.167      1.476     11.791     11.884      0.000
  1409         22  gamma               91  1064     0     0     0     0     0     -0.127      0.078      2.886      2.890      0.000
  1410         22  gamma               91  1064     0     0     0     0     0     -0.078      0.213      6.082      6.086      0.000
  1411         22  gamma               91  1067     0     0     0     0     0      0.116      0.103     -0.035      0.159      0.000
  1412         22  gamma               91  1067     0     0     0     0     0     -0.018     -0.022     -0.015      0.033      0.000
  1413       -431  (D_s-)             -91  1069     0  1622  1623     0     0      1.382     -0.391     -2.165      3.259      1.968
  1414         22  gamma               91  1069     0     0     0     0     0      0.148     -0.113     -0.035      0.190      0.000
  1415         22  gamma               91  1077     0     0     0     0     0      0.143      0.263      6.564      6.571      0.000
  1416         22  gamma               91  1077     0     0     0     0     0     -0.025      0.029      0.508      0.509      0.000
  1417         22  gamma               91  1078     0     0     0     0     0      0.030     -0.264      2.508      2.522      0.000
  1418         22  gamma               91  1078     0     0     0     0     0      0.028      0.008      0.293      0.294      0.000
  1419        211  pi+                 91  1082     0     0     0     0     0      0.262      0.013      1.435      1.466      0.140
  1420       -211  pi-                 91  1082     0     0     0     0     0      0.012     -0.116      0.379      0.420      0.140
  1421         22  gamma               91  1082     0     0     0     0     0      0.129      0.036      0.197      0.238      0.000
  1422         22  gamma               91  1088     0     0     0     0     0     -0.166     -0.610    -33.257     33.263      0.000
  1423         22  gamma               91  1088     0     0     0     0     0     -0.307      0.009    -14.529     14.532      0.000
  1424         22  gamma               91  1095     0     0     0     0     0      0.698     -1.818      9.906     10.096      0.000
  1425         22  gamma               91  1095     0     0     0     0     0      0.074     -0.208      1.383      1.400      0.000
  1426         22  gamma               91  1097     0     0     0     0     0      0.122     -0.099      2.720      2.725      0.000
  1427         22  gamma               91  1097     0     0     0     0     0      0.434     -0.504      7.883      7.911      0.000
  1428        111  (pi0)              -91  1103     0  1624  1625     0     0     -0.241      0.218     -0.137      0.377      0.135
  1429        111  (pi0)              -91  1103     0  1626  1627     0     0     -1.008      0.080     -0.192      1.038      0.135
  1430         22  gamma               91  1113     0     0     0     0     0      2.131      0.193     -0.447      2.186      0.000
  1431         22  gamma               91  1113     0     0     0     0     0      1.404      0.022     -0.326      1.441      0.000
  1432         22  gamma               91  1115     0     0     0     0     0      0.142      0.308     -0.009      0.339      0.000
  1433         22  gamma               91  1115     0     0     0     0     0      0.013      0.150      0.071      0.167      0.000
  1434         22  gamma               91  1117     0     0     0     0     0     -0.023     -0.012      0.005      0.026      0.000
  1435         22  gamma               91  1117     0     0     0     0     0     -0.106      0.273     -0.075      0.302      0.000
  1436         22  gamma               91  1119     0     0     0     0     0      0.217     -0.001      0.040      0.221      0.000
  1437         22  gamma               91  1119     0     0     0     0     0      0.380      0.181      0.081      0.428      0.000
  1438         22  gamma               91  1121     0     0     0     0     0     -0.282      0.652     -0.073      0.714      0.000
  1439         22  gamma               91  1121     0     0     0     0     0     -0.255      0.331     -0.052      0.421      0.000
  1440         22  gamma               91  1125     0     0     0     0     0     -3.615     13.356     -3.363     14.240      0.000
  1441         22  gamma               91  1125     0     0     0     0     0     -3.875     13.877     -3.424     14.809      0.000
  1442         22  gamma               91  1127     0     0     0     0     0     -3.078      8.830     -2.011      9.565      0.000
  1443         22  gamma               91  1127     0     0     0     0     0     -6.323     18.171     -4.336     19.722      0.000
  1444         22  gamma               91  1133     0     0     0     0     0     -0.476      1.331     -0.048      1.415      0.000
  1445         22  gamma               91  1133     0     0     0     0     0     -1.435      4.725     -0.090      4.939      0.000
  1446         22  gamma               91  1135     0     0     0     0     0     -0.449      0.840     -0.092      0.957      0.000
  1447         22  gamma               91  1135     0     0     0     0     0     -1.213      2.784     -0.287      3.050      0.000
  1448         22  gamma               91  1141     0     0     0     0     0     -0.164      0.127      2.097      2.108      0.000
  1449         22  gamma               91  1141     0     0     0     0     0     -0.156      0.070      3.364      3.369      0.000
  1450         22  gamma               91  1143     0     0     0     0     0     -0.614      0.256     -1.219      1.388      0.000
  1451         22  gamma               91  1143     0     0     0     0     0     -0.622      0.235     -0.963      1.170      0.000
  1452         22  gamma               91  1145     0     0     0     0     0     -0.246      0.181     -0.319      0.441      0.000
  1453         22  gamma               91  1145     0     0     0     0     0     -0.234      0.232     -0.177      0.374      0.000
  1454         22  gamma               91  1151     0     0     0     0     0      0.127      0.508     -5.443      5.468      0.000
  1455         22  gamma               91  1151     0     0     0     0     0      0.162      0.363     -3.250      3.274      0.000
  1456        211  pi+                 91  1152     0     0     0     0     0      0.193     -0.102      4.352      4.360      0.140
  1457       -211  pi-                 91  1152     0     0     0     0     0      1.397      0.055     27.566     27.602      0.140
  1458         22  gamma               91  1156     0     0     0     0     0     -0.098     -0.304     62.916     62.916      0.000
  1459         22  gamma               91  1156     0     0     0     0     0     -0.108     -0.073     23.007     23.007      0.000
  1460         22  gamma               91  1162     0     0     0     0     0     -0.098     -0.042     61.955     61.955      0.000
  1461         22  gamma               91  1162     0     0     0     0     0      0.031     -0.067     25.836     25.837      0.000
  1462         22  gamma               91  1169     0     0     0     0     0      0.074     -0.064      1.205      1.209      0.000
  1463         22  gamma               91  1169     0     0     0     0     0      0.103     -0.416      4.081      4.103      0.000
  1464        211  pi+                 91  1170     0     0     0     0     0     19.196    -26.523     -4.438     33.041      0.140
  1465       -211  pi-                 91  1170     0     0     0     0     0     18.436    -25.080     -4.551     31.459      0.140
  1466         22  gamma               91  1172     0     0     0     0     0      6.110     -8.576     -1.793     10.681      0.000
  1467         22  gamma               91  1172     0     0     0     0     0      0.761     -1.090     -0.180      1.341      0.000
  1468         22  gamma               91  1174     0     0     0     0     0      0.329     -0.436     -0.331      0.639      0.000
  1469         22  gamma               91  1174     0     0     0     0     0      0.270     -0.541     -0.265      0.660      0.000
  1470        211  pi+                 91  1175     0     0     0     0     0      0.057     -0.351      0.074      0.389      0.140
  1471       -211  pi-                 91  1175     0     0     0     0     0      0.754     -1.128     -0.135      1.371      0.140
  1472         22  gamma               91  1177     0     0     0     0     0      2.528      0.362      0.349      2.578      0.000
  1473         22  gamma               91  1177     0     0     0     0     0      0.228     -0.004      0.048      0.233      0.000
  1474         22  gamma               91  1181     0     0     0     0     0     -0.157     -0.627      0.224      0.684      0.000
  1475         22  gamma               91  1181     0     0     0     0     0     -0.445     -2.978      1.011      3.176      0.000
  1476         22  gamma               91  1185     0     0     0     0     0     -0.436     -0.636      0.262      0.814      0.000
  1477         22  gamma               91  1185     0     0     0     0     0     -0.081     -0.161      0.000      0.180      0.000
  1478         22  gamma               91  1187     0     0     0     0     0     -0.135     -0.089      0.156      0.224      0.000
  1479         22  gamma               91  1187     0     0     0     0     0     -0.160     -0.341      0.327      0.499      0.000
  1480         22  gamma               91  1189     0     0     0     0     0      1.170     -1.612      4.586      5.000      0.000
  1481         22  gamma               91  1189     0     0     0     0     0      0.187     -0.308      0.713      0.799      0.000
  1482       2212  p+                  91  1190     0     0     0     0     0      0.441     -0.228     -0.442      1.150      0.938
  1483       -211  pi-                 91  1190     0     0     0     0     0      0.015     -0.115     -0.008      0.181      0.140
  1484         22  gamma               91  1191     0     0     0     0     0     -0.022     -0.314     -0.089      0.327      0.000
  1485         22  gamma               91  1191     0     0     0     0     0     -0.013     -0.037     -0.075      0.085      0.000
  1486         22  gamma               91  1194     0     0     0     0     0     -0.212     -0.710      0.467      0.875      0.000
  1487         22  gamma               91  1194     0     0     0     0     0     -0.030     -0.152      0.177      0.236      0.000
  1488         22  gamma               91  1197     0     0     0     0     0     -0.367      0.855      0.227      0.957      0.000
  1489         22  gamma               91  1197     0     0     0     0     0     -0.136      0.216      0.003      0.256      0.000
  1490         22  gamma               91  1199     0     0     0     0     0      0.045      0.468     -0.681      0.827      0.000
  1491         22  gamma               91  1199     0     0     0     0     0      0.071      0.247     -0.237      0.349      0.000
  1492        211  pi+                 91  1200     0     0     0     0     0      0.647      0.118     -3.263      3.332      0.140
  1493       -211  pi-                 91  1200     0     0     0     0     0      0.321      0.015     -0.738      0.817      0.140
  1494         22  gamma               91  1206     0     0     0     0     0     -0.030     -0.022     -0.069      0.078      0.000
  1495         22  gamma               91  1206     0     0     0     0     0      0.111     -0.114     -0.722      0.739      0.000
  1496         22  gamma               91  1212     0     0     0     0     0      0.131     -0.058    -83.645     83.645      0.000
  1497         22  gamma               91  1212     0     0     0     0     0      0.217      0.063    -96.059     96.059      0.000
  1498         22  gamma               91  1214     0     0     0     0     0      0.026     -0.000     -1.207      1.207      0.000
  1499         22  gamma               91  1214     0     0     0     0     0      0.462      0.058    -66.913     66.915      0.000
  1500         22  gamma               91  1216     0     0     0     0     0      0.168      0.588     -8.802      8.823      0.000
  1501         22  gamma               91  1216     0     0     0     0     0      0.027      0.009     -0.613      0.614      0.000
  1502         22  gamma               91  1218     0     0     0     0     0     -0.342     -0.139     -6.894      6.904      0.000
  1503         11  e-                  91  1218     0     0     0     0     0     -0.055     -0.014     -1.567      1.568      0.001
  1504        -11  e+                  91  1218     0     0     0     0     0     -0.115     -0.043     -3.995      3.997      0.001
  1505         22  gamma               91  1222     0     0     0     0     0      0.020     -0.078     -0.207      0.222      0.000
  1506         22  gamma               91  1222     0     0     0     0     0      0.029     -0.306     -1.868      1.893      0.000
  1507         22  gamma               91  1228     0     0     0     0     0      0.180     -0.038      0.844      0.863      0.000
  1508         22  gamma               91  1228     0     0     0     0     0      0.002      0.029      0.366      0.367      0.000
  1509         22  gamma               91  1231     0     0     0     0     0     -0.420     -0.131      0.522      0.682      0.000
  1510         22  gamma               91  1231     0     0     0     0     0     -0.204     -0.134      0.420      0.486      0.000
  1511         22  gamma               91  1235     0     0     0     0     0      0.034      0.100      3.509      3.511      0.000
  1512         22  gamma               91  1235     0     0     0     0     0      0.103      0.017      7.370      7.371      0.000
  1513         22  gamma               91  1239     0     0     0     0     0      0.268      0.084     -0.972      1.012      0.000
  1514         22  gamma               91  1239     0     0     0     0     0     -0.001     -0.012     -0.190      0.190      0.000
  1515        211  pi+                 91  1244     0     0     0     0     0     -0.466     -0.203     -1.285      1.389      0.140
  1516       -211  pi-                 91  1244     0     0     0     0     0     -0.062     -0.137     -0.148      0.253      0.140
  1517        111  (pi0)              -91  1245     0  1628  1629     0     0     -0.376     -2.644      1.084      2.885      0.135
  1518        111  (pi0)              -91  1245     0  1630  1631     0     0     -0.208     -1.014      0.174      1.058      0.135
  1519        111  (pi0)              -91  1247     0  1632  1633     0     0     -0.040      0.048      0.289      0.325      0.135
  1520        111  (pi0)              -91  1247     0  1634  1635     0     0      0.333     -0.237      0.329      0.542      0.135
  1521        211  pi+                 91  1250     0     0     0     0     0      0.148      0.132    -17.776     17.778      0.140
  1522       -211  pi-                 91  1250     0     0     0     0     0      0.190      0.260     -7.040      7.048      0.140
  1523         22  gamma               91  1253     0     0     0     0     0     -0.105      0.034     32.067     32.067      0.000
  1524         22  gamma               91  1253     0     0     0     0     0     -0.049      0.066      7.202      7.203      0.000
  1525        310  (K_S0)             -91  1258  1258  1636  1637     0     0     -0.783     -2.207     -8.736      9.058      0.498
  1526         22  gamma               91  1261     0     0     0     0     0     -0.040     -0.040     -0.425      0.429      0.000
  1527         22  gamma               91  1261     0     0     0     0     0     -0.057     -0.522     -2.628      2.680      0.000
  1528         22  gamma               91  1262     0     0     0     0     0      0.079     -0.372     -1.688      1.730      0.000
  1529         22  gamma               91  1262     0     0     0     0     0     -0.053     -0.137     -0.671      0.687      0.000
  1530         22  gamma               91  1263     0     0     0     0     0     -0.034      0.310     -0.929      0.980      0.000
  1531         22  gamma               91  1263     0     0     0     0     0     -0.071      0.062     -0.384      0.395      0.000
  1532         22  gamma               91  1264     0     0     0     0     0      0.023      0.096     -0.907      0.913      0.000
  1533         22  gamma               91  1264     0     0     0     0     0     -0.052      0.064     -0.236      0.250      0.000
  1534         22  gamma               91  1265     0     0     0     0     0      0.072      0.226     -0.664      0.705      0.000
  1535         22  gamma               91  1265     0     0     0     0     0     -0.044      0.156     -0.301      0.342      0.000
  1536         22  gamma               91  1266     0     0     0     0     0     -0.001      0.063     -0.148      0.161      0.000
  1537         22  gamma               91  1266     0     0     0     0     0     -0.097      0.487     -2.497      2.546      0.000
  1538         22  gamma               91  1267     0     0     0     0     0      0.010      0.093     -0.670      0.677      0.000
  1539         22  gamma               91  1267     0     0     0     0     0     -0.185      0.585     -2.972      3.035      0.000
  1540         22  gamma               91  1268     0     0     0     0     0      0.031      0.341     -1.323      1.367      0.000
  1541         22  gamma               91  1268     0     0     0     0     0     -0.086      0.384     -1.240      1.301      0.000
  1542         22  gamma               91  1271     0     0     0     0     0      0.023     -0.027     -0.250      0.252      0.000
  1543         22  gamma               91  1271     0     0     0     0     0      0.121      0.166     -1.553      1.566      0.000
  1544         22  gamma               91  1274     0     0     0     0     0      0.176     -0.343      2.191      2.225      0.000
  1545         22  gamma               91  1274     0     0     0     0     0      0.186     -0.401      3.491      3.518      0.000
  1546        411  (D+)               -91  1276     0  1638  1639     0     0     40.060      4.956     -8.491     41.291      1.870
  1547        111  (pi0)              -91  1276     0  1640  1641     0     0      3.816      0.090     -0.669      3.878      0.135
  1548       -211  pi-                 91  1276     0     0     0     0     0      2.507      0.384      0.116      2.542      0.140
  1549        111  (pi0)              -91  1276     0  1642  1643     0     0     23.315      4.637     -4.400     24.176      0.135
  1550        111  (pi0)              -91  1280     0  1644  1645     0     0      0.416      0.073      0.030      0.445      0.135
  1551        111  (pi0)              -91  1280     0  1646  1647     0     0      0.338      0.035      0.070      0.372      0.135
  1552        111  (pi0)              -91  1280     0  1648  1649     0     0      0.255      0.045     -0.183      0.344      0.135
  1553         22  gamma               91  1283     0     0     0     0     0     -0.013      0.099     -0.062      0.117      0.000
  1554         22  gamma               91  1283     0     0     0     0     0     -0.018      0.315      0.050      0.320      0.000
  1555         22  gamma               91  1286     0     0     0     0     0     -1.332      4.659     -1.370      5.036      0.000
  1556         22  gamma               91  1286     0     0     0     0     0     -0.403      1.376     -0.330      1.471      0.000
  1557         22  gamma               91  1289     0     0     0     0     0     -0.848      2.319     -0.583      2.537      0.000
  1558         22  gamma               91  1289     0     0     0     0     0     -2.341      7.056     -1.692      7.625      0.000
  1559       -421  (Dbar0)            -91  1296     0  1650  1652     0     0    -12.796     46.036     -5.017     48.080      1.865
  1560        111  (pi0)              -91  1296     0  1653  1654     0     0     -4.382     16.181     -1.905     16.872      0.135
  1561        211  pi+                 91  1296     0     0     0     0     0     -7.507     26.660     -2.062     27.773      0.140
  1562        221  (eta)              -91  1296     0  1655  1657     0     0    -14.249     50.600     -4.538     52.767      0.548
  1563        111  (pi0)              -91  1296     0  1658  1659     0     0    -12.413     41.785     -5.403     43.924      0.135
  1564        211  pi+                 91  1299     0     0     0     0     0     -0.382     -0.430      0.541      0.802      0.140
  1565       -211  pi-                 91  1299     0     0     0     0     0     -2.294     -1.507      2.695      3.849      0.140
  1566         22  gamma               91  1302     0     0     0     0     0     -0.061     -0.188      0.074      0.211      0.000
  1567         22  gamma               91  1302     0     0     0     0     0     -0.283     -0.308      0.248      0.487      0.000
  1568         22  gamma               91  1305     0     0     0     0     0     -0.805     -0.757     11.096     11.151      0.000
  1569         22  gamma               91  1305     0     0     0     0     0     -0.503     -0.344      5.782      5.814      0.000
  1570         22  gamma               91  1311     0     0     0     0     0     -1.182     -1.266     22.871     22.936      0.000
  1571         22  gamma               91  1311     0     0     0     0     0     -0.404     -0.531      8.178      8.206      0.000
  1572        -11  e+                  91  1314     0     0     0     0     0      0.499     -0.336     -2.873      2.936      0.001
  1573         12  nu_e                91  1314     0     0     0     0     0     -0.049      0.008     -0.417      0.420      0.000
  1574       -321  K-                  91  1314     0     0     0     0     0      2.242      1.404     -7.206      7.693      0.494
  1575         22  gamma               91  1325     0     0     0     0     0     -1.750     -2.144    -20.384     20.572      0.000
  1576         22  gamma               91  1325     0     0     0     0     0     -3.217     -3.973    -36.318     36.676      0.000
  1577         22  gamma               91  1330     0     0     0     0     0      0.041     -0.400     -2.246      2.282      0.000
  1578         22  gamma               91  1330     0     0     0     0     0      0.007     -0.371     -2.918      2.942      0.000
  1579         22  gamma               91  1343     0     0     0     0     0      0.042     -0.042      8.325      8.325      0.000
  1580         22  gamma               91  1343     0     0     0     0     0      0.002      0.056      2.070      2.071      0.000
  1581         22  gamma               91  1346     0     0     0     0     0      0.358     -0.226      6.446      6.460      0.000
  1582         22  gamma               91  1346     0     0     0     0     0      0.089     -0.073      3.159      3.162      0.000
  1583        321  K+                  91  1353     0     0     0     0     0     19.290      0.479      2.441     19.456      0.494
  1584       -211  pi-                 91  1353     0     0     0     0     0     11.592     -0.295      1.674     11.717      0.140
  1585        111  (pi0)              -91  1353     0  1660  1661     0     0      4.711      0.008      0.867      4.792      0.135
  1586        111  (pi0)              -91  1353     0  1662  1663     0     0      6.356      0.516      0.894      6.441      0.135
  1587         22  gamma               91  1359     0     0     0     0     0      0.017     -0.512      0.257      0.573      0.000
  1588         22  gamma               91  1359     0     0     0     0     0     -0.872     -4.780      1.024      4.966      0.000
  1589         22  gamma               91  1364     0     0     0     0     0     -0.008      0.000      0.006      0.010      0.000
  1590         22  gamma               91  1364     0     0     0     0     0      0.130     -0.696      1.605      1.754      0.000
  1591        411  (D+)               -91  1365     0  1664  1666     0     0     16.442     -3.188    -14.189     22.030      1.870
  1592       -213  (rho-)             -91  1365     0  1667  1668     0     0     17.114     -5.541    -10.273     20.731      0.791
  1593         22  gamma               91  1369     0     0     0     0     0      0.662     -0.051     -0.296      0.727      0.000
  1594         11  e-                  91  1369     0     0     0     0     0      0.036     -0.015     -0.026      0.047      0.001
  1595        -11  e+                  91  1369     0     0     0     0     0      0.083     -0.049     -0.059      0.113      0.001
  1596        -14  nu_mubar            92  1370     0     0     0     0     0     -5.680     -4.689      9.281     11.848      0.000
  1597         13  mu-                 92  1370     0     0     0     0     0    -14.765    -18.889     22.207     32.679      0.106
  1598        211  pi+                 92  1370     0     0     0     0     0     -3.239     -3.717      6.614      8.250      0.140
  1599        130  K_L0                91  1372  1372     0     0     0     0     -0.795      0.822      1.578      2.012      0.498
  1600         22  gamma               91  1374     0     0     0     0     0     -1.015      0.500      2.119      2.403      0.000
  1601         22  gamma               91  1374     0     0     0     0     0     -0.350      0.255      0.893      0.992      0.000
  1602       2212  p+                  91  1375     0     0     0     0     0     -1.360      0.684      2.569      3.130      0.938
  1603       -211  pi-                 91  1375     0     0     0     0     0     -0.284      0.261      0.520      0.662      0.140
  1604         22  gamma               91  1383     0     0     0     0     0      0.608     -0.239     -5.749      5.786      0.000
  1605         22  gamma               91  1383     0     0     0     0     0      0.125      0.010     -1.279      1.285      0.000
  1606         22  gamma               91  1384     0     0     0     0     0      0.156     -0.088     -2.517      2.523      0.000
  1607         22  gamma               91  1384     0     0     0     0     0      0.176      0.018     -1.586      1.596      0.000
  1608         22  gamma               91  1385     0     0     0     0     0      0.426     -0.161     -2.698      2.736      0.000
  1609         22  gamma               91  1385     0     0     0     0     0      0.088     -0.025     -1.036      1.040      0.000
  1610      -2112  nbar0               91  1386     0     0     0     0     0      0.388     -1.182    -29.684     29.724      0.940
  1611        111  (pi0)              -91  1386     0  1669  1670     0     0     -0.051     -0.181     -5.244      5.249      0.135
  1612         22  gamma               91  1392     0     0     0     0     0     -0.243     -0.026    -35.435     35.436      0.000
  1613         22  gamma               91  1392     0     0     0     0     0     -0.028      0.051     -6.770      6.770      0.000
  1614         22  gamma               91  1393     0     0     0     0     0     -0.141     -0.097    -13.662     13.663      0.000
  1615         22  gamma               91  1393     0     0     0     0     0     -0.006     -0.025     -0.378      0.379      0.000
  1616         22  gamma               91  1394     0     0     0     0     0     -0.141     -0.092    -27.075     27.075      0.000
  1617         22  gamma               91  1394     0     0     0     0     0     -0.004      0.021     -0.806      0.806      0.000
  1618         22  gamma               91  1401     0     0     0     0     0      0.033     -0.052      0.129      0.143      0.000
  1619         22  gamma               91  1401     0     0     0     0     0     -0.086     -0.001      0.083      0.119      0.000
  1620         22  gamma               91  1406     0     0     0     0     0      0.083      0.158      1.587      1.597      0.000
  1621         22  gamma               91  1406     0     0     0     0     0      0.024     -0.015      0.079      0.084      0.000
  1622       -323  (K*-)              -91  1413     0  1671  1672     0     0      1.596     -0.249     -1.901      2.640      0.865
  1623       -311  (Kbar0)            -91  1413     0  1673  1673     0     0     -0.214     -0.142     -0.264      0.619      0.498
  1624         22  gamma               91  1428     0     0     0     0     0     -0.257      0.197     -0.120      0.346      0.000
  1625         22  gamma               91  1428     0     0     0     0     0      0.017      0.021     -0.018      0.032      0.000
  1626         22  gamma               91  1429     0     0     0     0     0     -0.687     -0.008     -0.117      0.697      0.000
  1627         22  gamma               91  1429     0     0     0     0     0     -0.321      0.088     -0.075      0.341      0.000
  1628         22  gamma               91  1517     0     0     0     0     0     -0.227     -1.799      0.675      1.935      0.000
  1629         22  gamma               91  1517     0     0     0     0     0     -0.149     -0.845      0.409      0.950      0.000
  1630         22  gamma               91  1518     0     0     0     0     0     -0.083     -0.713      0.109      0.726      0.000
  1631         22  gamma               91  1518     0     0     0     0     0     -0.125     -0.301      0.065      0.332      0.000
  1632         22  gamma               91  1519     0     0     0     0     0      0.025      0.031      0.235      0.239      0.000
  1633         22  gamma               91  1519     0     0     0     0     0     -0.065      0.017      0.054      0.086      0.000
  1634         22  gamma               91  1520     0     0     0     0     0      0.149     -0.185      0.209      0.317      0.000
  1635         22  gamma               91  1520     0     0     0     0     0      0.183     -0.053      0.120      0.225      0.000
  1636        211  pi+                 91  1525     0     0     0     0     0     -0.114     -0.312     -1.790      1.826      0.140
  1637       -211  pi-                 91  1525     0     0     0     0     0     -0.669     -1.895     -6.946      7.232      0.140
  1638      20213  (a_1(1260)+)       -91  1546     0  1674  1675     0     0     28.167      3.673     -6.105     29.083      1.304
  1639        311  (K0)               -91  1546     0  1676  1676     0     0     11.893      1.283     -2.386     12.208      0.498
  1640         22  gamma               91  1547     0     0     0     0     0      1.433      0.015     -0.315      1.467      0.000
  1641         22  gamma               91  1547     0     0     0     0     0      2.384      0.074     -0.354      2.411      0.000
  1642         22  gamma               91  1549     0     0     0     0     0      6.782      1.300     -1.240      7.016      0.000
  1643         22  gamma               91  1549     0     0     0     0     0     16.533      3.337     -3.161     17.160      0.000
  1644         22  gamma               91  1550     0     0     0     0     0      0.383      0.079      0.065      0.396      0.000
  1645         22  gamma               91  1550     0     0     0     0     0      0.034     -0.007     -0.034      0.049      0.000
  1646         22  gamma               91  1551     0     0     0     0     0      0.246      0.085      0.048      0.265      0.000
  1647         22  gamma               91  1551     0     0     0     0     0      0.093     -0.051      0.022      0.108      0.000
  1648         22  gamma               91  1552     0     0     0     0     0      0.005      0.040     -0.015      0.043      0.000
  1649         22  gamma               91  1552     0     0     0     0     0      0.250      0.005     -0.167      0.301      0.000
  1650        323  (K*+)              -91  1559     0  1677  1678     0     0     -8.772     32.646     -3.241     33.970      0.846
  1651       -211  pi-                 91  1559     0     0     0     0     0     -3.432     11.875     -1.682     12.476      0.140
  1652        111  (pi0)              -91  1559     0  1679  1680     0     0     -0.592      1.514     -0.094      1.634      0.135
  1653         22  gamma               91  1560     0     0     0     0     0     -0.173      0.561     -0.053      0.589      0.000
  1654         22  gamma               91  1560     0     0     0     0     0     -4.209     15.620     -1.852     16.283      0.000
  1655        211  pi+                 91  1562     0     0     0     0     0     -4.767     16.468     -1.579     17.217      0.140
  1656       -211  pi-                 91  1562     0     0     0     0     0     -5.899     21.304     -1.819     22.180      0.140
  1657        111  (pi0)              -91  1562     0  1681  1682     0     0     -3.584     12.829     -1.141     13.370      0.135
  1658         22  gamma               91  1563     0     0     0     0     0    -12.379     41.670     -5.396     43.803      0.000
  1659         22  gamma               91  1563     0     0     0     0     0     -0.034      0.116     -0.008      0.121      0.000
  1660         22  gamma               91  1585     0     0     0     0     0      0.491     -0.000      0.049      0.493      0.000
  1661         22  gamma               91  1585     0     0     0     0     0      4.220      0.009      0.819      4.298      0.000
  1662         22  gamma               91  1586     0     0     0     0     0      6.173      0.508      0.846      6.252      0.000
  1663         22  gamma               91  1586     0     0     0     0     0      0.183      0.008      0.048      0.189      0.000
  1664       -321  K-                  91  1591     0     0     0     0     0      7.640     -1.312     -6.277      9.987      0.494
  1665        211  pi+                 91  1591     0     0     0     0     0      3.120     -0.110     -2.874      4.246      0.140
  1666        211  pi+                 91  1591     0     0     0     0     0      5.682     -1.766     -5.037      7.797      0.140
  1667       -211  pi-                 91  1592     0     0     0     0     0      9.612     -3.429     -5.582     11.632      0.140
  1668        111  (pi0)              -91  1592     0  1683  1684     0     0      7.502     -2.113     -4.691      9.098      0.135
  1669         22  gamma               91  1611     0     0     0     0     0      0.013     -0.159     -4.130      4.133      0.000
  1670         22  gamma               91  1611     0     0     0     0     0     -0.064     -0.022     -1.114      1.116      0.000
  1671       -311  (Kbar0)            -91  1622     0  1685  1685     0     0      0.601     -0.023     -1.023      1.286      0.498
  1672       -211  pi-                 91  1622     0     0     0     0     0      0.996     -0.226     -0.878      1.354      0.140
  1673        130  K_L0                91  1623  1623     0     0     0     0     -0.214     -0.142     -0.264      0.619      0.498
  1674        321  K+                  91  1638     0     0     0     0     0     13.100      1.884     -3.009     13.581      0.494
  1675       -313  (K*bar0)           -91  1638     0  1686  1687     0     0     15.067      1.790     -3.096     15.502      0.712
  1676        310  (K_S0)             -91  1639  1639  1688  1689     0     0     11.893      1.283     -2.386     12.208      0.498
  1677        311  (K0)               -91  1650     0  1690  1690     0     0     -4.436     17.367     -1.759     18.018      0.498
  1678        211  pi+                 91  1650     0     0     0     0     0     -4.337     15.279     -1.482     15.952      0.140
  1679         22  gamma               91  1652     0     0     0     0     0     -0.467      1.043     -0.093      1.147      0.000
  1680         22  gamma               91  1652     0     0     0     0     0     -0.125      0.472     -0.001      0.488      0.000
  1681         22  gamma               91  1657     0     0     0     0     0     -0.249      0.780     -0.059      0.821      0.000
  1682         22  gamma               91  1657     0     0     0     0     0     -3.334     12.049     -1.082     12.549      0.000
  1683         22  gamma               91  1668     0     0     0     0     0      3.749     -1.108     -2.405      4.590      0.000
  1684         22  gamma               91  1668     0     0     0     0     0      3.754     -1.005     -2.286      4.509      0.000
  1685        130  K_L0                91  1671  1671     0     0     0     0      0.601     -0.023     -1.023      1.286      0.498
  1686       -311  (Kbar0)            -91  1675     0  1691  1691     0     0     12.696      1.480     -2.720     13.078      0.498
  1687        111  (pi0)              -91  1675     0  1692  1693     0     0      2.371      0.310     -0.376      2.424      0.135
  1688        111  (pi0)              -91  1676     0  1694  1695     0     0      3.351      0.261     -0.822      3.462      0.135
  1689        111  (pi0)              -91  1676     0  1696  1697     0     0      8.542      1.022     -1.565      8.745      0.135
  1690        310  (K_S0)             -91  1677  1677  1698  1699     0     0     -4.436     17.367     -1.759     18.018      0.498
  1691        130  K_L0                91  1686  1686     0     0     0     0     12.696      1.480     -2.720     13.078      0.498
  1692         22  gamma               91  1687     0     0     0     0     0      1.924      0.218     -0.346      1.967      0.000
  1693         22  gamma               91  1687     0     0     0     0     0      0.447      0.092     -0.030      0.457      0.000
  1694         22  gamma               91  1688     0     0     0     0     0      1.282      0.048     -0.272      1.311      0.000
  1695         22  gamma               91  1688     0     0     0     0     0      2.069      0.213     -0.549      2.151      0.000
  1696         22  gamma               91  1689     0     0     0     0     0      6.806      0.867     -1.262      6.976      0.000
  1697         22  gamma               91  1689     0     0     0     0     0      1.736      0.155     -0.303      1.769      0.000
  1698        211  pi+                 91  1690     0     0     0     0     0     -0.475      1.741     -0.132      1.815      0.140
  1699       -211  pi-                 91  1690     0     0     0     0     0     -3.960     15.626     -1.627     16.203      0.140
                                   Charge sum:  2.000           Momentum sum:      0.000      0.000      0.000  13000.000  13000.000

 --------  End PYTHIA Event Listing  -----------------------------------------------------------------------------------------------

 *-------  PYTHIA Event and Cross Section Statistics  -------------------------------------------------------------*
 |                                                                                                                 |
 | Subprocess                                    Code |            Number of events       |      sigma +- delta    |
 |                                                    |       Tried   Selected   Accepted |     (estimated) (mb)   |
 |                                                    |                                   |                        |
 |-----------------------------------------------------------------------------------------------------------------|
 |                                                    |                                   |                        |
 | Les Houches User Process(es)                  9999 |           5          5          5 |   1.019e-33  0.000e+00 |
 |    ... whereof user classification code          1 |           5          5          5 |                        | 
 |                                                    |                                   |                        |
 | sum                                                |           5          5          5 |   1.019e-33  0.000e+00 |
 |                                                                                                                 |
 *-------  End PYTHIA Event and Cross Section Statistics ----------------------------------------------------------*

 *-------  PYTHIA Error and Warning Messages Statistics  ----------------------------------------------------------* 
 |                                                                                                                 | 
 |  times   message                                                                                                | 
 |                                                                                                                 | 
 |      1   Info from Pythia::init: be aware that successive calls to init() do not clear previous settings.       | 
 |      2   Info from SLHAinterface::initSLHA: No MODSEL found, keeping internal SUSY switched off                 | 
 |      2   Info from SLHAinterface::initSLHA: importing MASS entries                                              | 
 |      2   Warning in SLHAinterface::initSLHA: ignoring DECAY tables                                              | 
 |      2   Warning in SLHAinterface::initSLHA: ignoring MASS entries                                              | 
 |      2   Warning in SLHAinterface::initSLHA: ignoring QNUMBERS                                                  | 
 |      2   Warning in SLHAinterface::initSLHA: ignoring empty DECAY tables                                        | 
 |                                                                                                                 | 
 *-------  End PYTHIA Error and Warning Messages Statistics  ------------------------------------------------------* 

 Contribution of sample 0 to the inclusive cross section : 1.01924870e-33  +-  4.55821876e-34



Inclusive cross section: 1.01924870e-33  +-  4.55821876e-34 mb 




